workforce,intent,seed,sla_breaches,sla_breaches_as_submitted,cloud_hours,local_hours,drained_hours,mean_wait_s,p95_wait_s,jobs_reprioritised,overload_decisions,accepted_breach_cycles,events,exposing_events,exposing_high_events,ttl_exposing_mean_s,ttl_exposing_p95_s,ttl_exposing_max_s,ttl_exposing_high_mean_s,ttl_all_mean_s,ttl_all_p95_s,ttp_exposing_mean_s,ttp_exposing_p95_s,ttp_all_mean_s,exposing_ever_decayed,exposing_promoted,decayed_events,promoted_events,harmless_kept_events
small crew,off,101,1733,1733,63.4,26.4,8.09,1778.2,10667.6,0,51,0,688,9,0,69.8,373.8,373.8,,94.5,456.6,3643.1,18716.1,3445.1,0,0,0,0,0
small crew,off,202,2110,2110,56.7,29.5,12.5,3767.1,26511.9,0,56,0,708,27,0,91.8,451.9,505.3,,144.7,495.9,5307.9,21729.0,7281.4,0,0,0,0,0
small crew,off,303,1817,1817,56.6,26.7,9.19,2214.9,14963.1,0,53,0,685,9,0,69.2,359.7,359.7,,136.5,480.8,3140.9,12425.4,4261.3,0,0,0,0,0
small crew,off,404,950,950,61.5,29.7,10.64,2758.4,19706.9,0,40,0,701,38,0,79.2,314.5,1684.5,,78.9,383.5,4144.2,24551.7,5518.4,0,0,0,0,0
small crew,off,505,2119,2119,64.8,28.0,10.47,2749.0,19533.0,0,65,0,721,4,0,120.2,417.6,417.6,,198.8,479.5,2051.4,2651.3,5512.9,0,0,0,0,0
small crew,off,606,1391,1391,63.5,28.6,10.15,2553.0,18451.7,0,44,0,690,12,1,84.7,404.8,404.8,29.9,132.0,408.7,4544.7,25986.0,5139.5,0,0,0,0,0
small crew,"decay, restored exempt",101,1352,1809,61.0,28.8,7.28,1964.8,12203.2,5378,42,25,688,9,0,69.8,388.8,388.8,,75.9,375.9,284.8,853.8,3595.9,0,0,639,0,29
small crew,"decay, restored exempt",202,1739,2108,53.2,33.0,8.22,2528.4,15776.9,5686,42,71,708,27,0,84.6,331.9,445.3,,92.7,427.0,1393.5,7138.4,4315.1,4,0,575,0,108
small crew,"decay, restored exempt",303,1375,1833,53.6,29.7,5.74,1693.8,8272.6,5389,31,68,685,9,0,65.9,359.7,359.7,,80.8,381.4,1120.9,8044.9,3248.8,1,0,642,0,34
small crew,"decay, restored exempt",404,615,996,61.1,30.0,7.16,1809.4,11022.0,4227,26,36,701,38,0,49.6,329.5,799.5,,64.1,339.1,606.6,806.8,3287.5,1,0,491,0,170
small crew,"decay, restored exempt",505,1467,1893,60.3,32.6,10.28,3158.7,20375.4,5866,37,60,721,4,0,120.2,417.6,417.6,,77.3,379.0,281.4,732.6,6147.2,0,0,679,0,37
small crew,"decay, restored exempt",606,781,1416,62.2,29.9,5.98,1677.7,10262.2,4559,23,52,690,12,1,80.9,374.8,374.8,29.9,57.6,326.8,427.2,986.8,3385.8,2,0,640,0,34
small crew,"both, exempt",101,2534,2278,65.7,24.0,3.02,799.9,2789.9,5512,61,32,688,9,0,74.8,403.8,403.8,,112.0,628.7,313.1,1401.4,1355.4,1,5,631,90,38
small crew,"both, exempt",202,4139,2753,67.0,19.6,2.14,878.1,4241.4,6153,71,70,708,27,0,138.5,676.9,820.3,,171.3,808.9,707.9,3133.4,1380.7,5,13,494,208,186
small crew,"both, exempt",303,2068,1994,67.7,20.1,2.2,560.5,1928.5,4917,40,32,685,9,0,72.5,374.7,374.7,,87.3,403.9,389.2,1954.9,926.9,1,2,627,79,44
small crew,"both, exempt",404,2524,1772,70.6,21.5,2.12,873.9,4462.4,5016,60,53,701,38,0,56.7,479.5,859.5,,92.9,474.7,557.7,3168.9,1479.6,5,17,481,147,184
small crew,"both, exempt",505,2763,2277,76.9,19.1,2.07,631.7,2293.4,5352,62,28,721,4,0,131.4,447.6,447.6,,88.5,405.1,251.4,732.6,1000.7,0,2,660,122,51
small crew,"both, exempt",606,1445,1686,62.0,30.1,4.33,1376.6,7037.1,4667,29,90,690,12,1,88.4,404.8,404.8,29.9,66.0,358.0,288.4,986.8,2645.3,2,4,636,70,38
default crew,off,101,1733,1733,63.4,26.4,8.09,1778.2,10667.6,0,51,0,688,11,0,88.0,373.8,373.8,,94.5,456.6,3302.1,18716.1,3445.1,0,0,0,0,0
default crew,off,202,2110,2110,56.7,29.5,12.5,3767.1,26511.9,0,56,0,708,44,1,104.5,467.1,518.7,29.0,144.7,495.9,4864.0,21729.0,7281.4,0,0,0,0,0
default crew,off,303,1817,1817,56.6,26.7,9.19,2214.9,14963.1,0,53,0,685,9,0,69.2,359.7,359.7,,136.5,480.8,3140.9,12425.4,4261.3,0,0,0,0,0
default crew,off,404,950,950,61.5,29.7,10.64,2758.4,19706.9,0,40,0,701,43,0,77.0,177.4,1684.5,,78.9,383.5,6837.5,29709.9,5518.4,0,0,0,0,0
default crew,off,505,2119,2119,64.8,28.0,10.47,2749.0,19533.0,0,65,0,721,6,0,110.0,417.6,417.6,,198.8,479.5,6335.0,28450.0,5512.9,0,0,0,0,0
default crew,off,606,1391,1391,63.5,28.6,10.15,2553.0,18451.7,0,44,0,690,16,1,71.4,404.8,404.8,29.9,132.0,408.7,5669.3,25986.0,5139.5,0,0,0,0,0
default crew,"decay, restored exempt",101,1367,1807,60.8,29.0,7.88,2047.6,13535.6,5406,42,32,688,11,0,71.6,388.8,388.8,,76.0,377.7,1860.7,12634.6,3783.7,2,0,630,0,38
default crew,"decay, restored exempt",202,1790,2106,53.0,33.1,11.03,3317.6,24152.4,4282,43,50,708,44,1,97.0,434.4,460.3,29.0,96.1,435.3,1338.6,6724.2,5619.4,4,0,433,0,233
default crew,"decay, restored exempt",303,1435,1826,53.6,29.7,6.48,1731.4,8282.4,5414,32,64,685,9,0,67.5,359.7,359.7,,83.9,383.6,1019.2,6319.9,3402.4,1,0,639,0,37
default crew,"decay, restored exempt",404,651,966,61.3,29.8,5.49,1500.1,9744.2,4120,27,47,701,43,0,50.5,123.9,814.5,,64.6,339.7,873.4,1046.2,2703.1,3,0,471,0,187
default crew,"decay, restored exempt",505,1521,1885,60.3,32.6,8.72,2705.6,16447.2,5900,37,60,721,6,0,97.5,417.6,417.6,,79.5,390.7,365.0,799.0,5271.0,0,0,657,0,57
default crew,"decay, restored exempt",606,919,1397,62.2,29.9,6.25,1700.4,10518.9,4798,25,71,690,16,1,68.6,374.8,374.8,29.9,60.3,328.8,1218.9,11862.2,3360.0,4,0,600,0,74
default crew,"both, exempt",101,2643,2255,65.8,23.9,3.25,822.1,2945.3,5537,62,39,688,11,0,104.4,410.5,410.5,,116.4,644.6,756.2,3454.6,1414.7,3,6,616,101,54
default crew,"both, exempt",202,4692,2785,71.5,17.8,2.0,689.6,2857.6,5559,88,45,708,44,1,200.7,887.1,925.3,29.0,210.2,898.1,584.5,2033.7,1017.1,6,26,368,262,295
default crew,"both, exempt",303,2231,1982,68.0,20.0,2.18,558.6,1902.5,4928,39,42,685,9,0,74.2,374.7,374.7,,91.9,411.9,432.5,1894.9,932.2,1,3,622,85,49
default crew,"both, exempt",404,2480,1656,65.3,26.3,3.92,1005.4,4993.2,4846,47,80,701,43,0,57.5,162.4,859.5,,90.9,474.7,651.2,3449.6,1772.4,6,18,469,151,192
default crew,"both, exempt",505,3043,2374,76.9,19.5,2.08,629.1,2278.4,5448,66,31,721,6,0,110.0,462.6,462.6,,95.1,434.9,350.0,859.0,983.5,0,2,637,140,72
default crew,"both, exempt",606,1762,1739,82.6,19.5,2.0,690.5,3273.8,4401,46,28,690,16,1,83.6,434.8,434.8,29.9,73.1,385.3,316.1,1316.8,1181.2,4,7,591,75,78
large crew,off,101,1733,1733,63.4,26.4,8.09,1778.2,10667.6,0,51,0,688,15,0,80.6,373.8,373.8,,94.5,456.6,3627.6,18716.1,3445.1,0,0,0,0,0
large crew,off,202,2110,2110,56.7,29.5,12.5,3767.1,26511.9,0,56,0,708,91,1,103.2,467.1,528.3,29.0,144.7,495.9,5573.6,24060.1,7281.4,0,0,0,0,0
large crew,off,303,1817,1817,56.6,26.7,9.19,2214.9,14963.1,0,53,0,685,17,0,73.0,466.5,466.5,,136.5,480.8,4978.0,21540.9,4261.3,0,0,0,0,0
large crew,off,404,950,950,61.5,29.7,10.64,2758.4,19706.9,0,40,0,701,55,1,89.8,336.8,1684.5,314.5,78.9,383.5,6122.3,29709.9,5518.4,0,0,0,0,0
large crew,off,505,2119,2119,64.8,28.0,10.47,2749.0,19533.0,0,65,0,721,14,0,151.8,493.7,493.7,,198.8,479.5,9322.1,28924.2,5512.9,0,0,0,0,0
large crew,off,606,1391,1391,63.5,28.6,10.15,2553.0,18451.7,0,44,0,690,30,1,61.2,341.8,404.8,29.9,132.0,408.7,5488.7,25481.2,5139.5,0,0,0,0,0
large crew,"decay, restored exempt",101,1422,1811,60.8,28.9,7.11,1866.9,11018.4,5506,42,44,688,15,0,60.6,388.8,388.8,,76.6,377.7,1415.6,11869.6,3411.5,2,0,596,0,71
large crew,"decay, restored exempt",202,1824,2111,54.4,31.7,12.6,3910.1,29736.7,3256,47,26,708,91,1,93.0,428.7,460.3,29.0,101.8,442.8,2396.0,7538.7,6421.0,8,0,314,0,311
large crew,"decay, restored exempt",303,1493,1796,53.6,29.7,5.68,1584.9,9257.5,5300,34,69,685,17,0,66.8,376.5,376.5,,88.8,392.6,704.8,5904.6,2991.0,1,0,581,0,87
large crew,"decay, restored exempt",404,735,988,61.0,30.1,8.44,1997.9,15185.2,3763,30,32,701,55,1,67.2,336.8,1009.5,329.5,69.6,358.2,1699.5,12253.2,3553.7,8,0,403,0,248
large crew,"decay, restored exempt",505,1840,2086,61.8,31.0,8.8,2305.6,15224.6,5563,53,44,721,14,0,135.7,433.7,433.7,,97.0,431.1,767.8,1401.9,4485.3,1,0,591,0,116
large crew,"decay, restored exempt",606,1082,1358,62.2,29.9,7.53,1759.1,10893.6,4603,27,50,690,30,1,61.2,341.8,374.8,29.9,64.3,343.0,2075.2,15567.2,3478.8,7,0,542,0,122
large crew,"both, exempt",101,2875,2198,66.1,23.7,3.04,784.0,2867.1,5701,63,52,688,15,0,86.6,425.5,425.5,,117.6,655.8,577.6,3454.6,1284.9,2,7,574,143,92
large crew,"both, exempt",202,5771,3008,69.1,19.0,2.36,597.3,2596.6,5718,107,35,708,91,1,243.1,1007.1,1090.3,29.0,249.4,1032.9,561.7,2569.2,842.5,11,63,269,355,355
large crew,"both, exempt",303,2504,2032,67.5,20.2,2.19,561.5,2078.9,4844,45,40,685,17,0,72.1,391.5,391.5,,98.7,422.6,448.9,2109.6,927.1,3,9,559,126,108
large crew,"both, exempt",404,3390,2084,71.7,20.5,2.01,633.5,2907.6,4773,68,62,701,55,1,109.2,614.5,1069.5,614.5,122.6,631.4,559.2,3028.2,1055.9,10,27,370,208,281
large crew,"both, exempt",505,4229,2674,78.6,19.3,2.05,579.5,2168.8,5449,80,37,721,14,0,187.1,703.7,703.7,,160.2,765.1,609.3,1519.0,913.2,1,6,536,207,166
large crew,"both, exempt",606,2421,1882,88.3,19.7,2.0,560.2,2506.6,3916,58,28,690,30,1,74.7,461.8,494.8,29.9,84.5,467.9,523.7,2220.0,936.8,6,12,499,123,159
