intent,lookahead,uncertainty,seed,sla_breaches,sla_breaches_as_submitted,cloud_hours,local_hours,drained_hours,mean_wait_s,p95_wait_s,jobs_reprioritised,overload_decisions,accepted_breach_cycles,events,exposing_events,exposing_high_events,ttl_exposing_mean_s,ttl_exposing_p95_s,ttl_exposing_max_s,ttl_exposing_high_mean_s,ttl_all_mean_s,ttl_all_p95_s,ttp_exposing_mean_s,ttp_exposing_p95_s,ttp_all_mean_s,exposing_ever_decayed,exposing_promoted,decayed_events,promoted_events,harmless_kept_events
off,lookahead 300s,±50 m,101,1733,1733,63.4,26.4,8.09,1778.2,10667.6,0,51,0,688,11,0,88.0,373.8,373.8,,94.5,456.6,3302.1,18716.1,3445.1,0,0,0,0,0
off,lookahead 300s,±50 m,202,2110,2110,56.7,29.5,12.5,3767.1,26511.9,0,56,0,708,44,1,104.5,467.1,518.7,29.0,144.7,495.9,4864.0,21729.0,7281.4,0,0,0,0,0
off,lookahead 300s,±50 m,303,1817,1817,56.6,26.7,9.19,2214.9,14963.1,0,53,0,685,9,0,69.2,359.7,359.7,,136.5,480.8,3140.9,12425.4,4261.3,0,0,0,0,0
off,lookahead 300s,±50 m,404,950,950,61.5,29.7,10.64,2758.4,19706.9,0,40,0,701,43,0,77.0,177.4,1684.5,,78.9,383.5,6837.5,29709.9,5518.4,0,0,0,0,0
off,lookahead 300s,±50 m,505,2119,2119,64.8,28.0,10.47,2749.0,19533.0,0,65,0,721,6,0,110.0,417.6,417.6,,198.8,479.5,6335.0,28450.0,5512.9,0,0,0,0,0
off,lookahead 300s,±50 m,606,1391,1391,63.5,28.6,10.15,2553.0,18451.7,0,44,0,690,16,1,71.4,404.8,404.8,29.9,132.0,408.7,5669.3,25986.0,5139.5,0,0,0,0,0
"decay, restored exempt",lookahead 0s,±0 m,101,859,1685,60.8,28.9,8.38,2637.4,16135.9,4969,27,25,688,11,0,59.4,388.8,388.8,,63.5,357.3,2108.9,14389.6,5040.6,3,0,667,0,3
"decay, restored exempt",lookahead 0s,±0 m,202,1287,1961,52.9,33.2,11.7,3667.3,24855.2,5494,31,41,708,44,1,90.2,400.3,434.4,29.0,80.7,390.4,788.4,1979.9,7145.4,18,0,660,0,16
"decay, restored exempt",lookahead 0s,±0 m,303,1092,1822,53.6,29.7,7.14,2021.8,11750.5,4752,30,32,685,9,0,65.9,359.7,359.7,,78.4,376.8,199.2,629.7,3892.4,1,0,671,0,3
"decay, restored exempt",lookahead 0s,±0 m,404,432,1053,61.0,30.1,7.49,1938.8,12098.1,4683,24,30,701,43,0,33.4,78.9,344.5,,57.1,318.6,2550.3,9587.2,3709.1,21,0,654,0,21
"decay, restored exempt",lookahead 0s,±0 m,505,1072,1836,60.3,32.6,9.06,2946.2,18435.8,5079,35,29,721,6,0,97.5,417.6,417.6,,73.2,357.9,4265.0,24040.0,5993.5,1,0,708,0,4
"decay, restored exempt",lookahead 0s,±0 m,606,596,1387,62.4,29.7,9.26,2316.6,15149.5,4578,20,19,690,16,1,68.6,374.8,374.8,29.9,55.4,306.2,2297.1,15222.2,4632.3,7,0,663,0,9
"decay, restored exempt",lookahead 0s,±50 m,101,1280,1709,60.8,28.9,6.45,1696.0,8932.8,5431,27,58,688,11,0,62.1,388.8,388.8,,65.3,357.3,1402.5,7144.6,3073.2,3,0,658,0,13
"decay, restored exempt",lookahead 0s,±50 m,202,1757,2081,52.9,33.2,9.08,2686.0,16272.7,5582,40,58,708,44,1,95.3,415.3,437.1,29.0,93.0,419.6,1550.0,7405.3,4751.9,8,0,551,0,119
"decay, restored exempt",lookahead 0s,±50 m,303,1432,1823,53.6,29.7,5.6,1530.0,6422.5,5173,30,78,685,9,0,65.9,359.7,359.7,,80.4,381.4,922.5,6229.9,2980.7,1,0,648,0,28
"decay, restored exempt",lookahead 0s,±50 m,404,660,1019,61.2,29.9,5.27,1436.6,7926.9,4798,26,50,701,43,0,49.4,138.9,784.5,,64.5,337.1,868.5,2951.7,2673.9,4,0,552,0,107
"decay, restored exempt",lookahead 0s,±50 m,505,1443,1880,60.3,32.6,6.56,2251.8,14739.4,5581,38,61,721,6,0,97.5,417.6,417.6,,76.1,379.0,310.0,717.6,4449.4,0,0,693,0,21
"decay, restored exempt",lookahead 0s,±50 m,606,964,1462,62.2,29.9,3.57,1253.3,6006.6,4753,24,64,690,16,1,68.6,374.8,374.8,29.9,58.6,326.8,817.7,5952.2,2389.9,4,0,616,0,54
"decay, restored exempt",lookahead 0s,±150 m,101,1459,1590,60.9,28.8,6.44,1639.9,10086.0,5416,29,66,688,11,0,62.1,388.8,388.8,,68.9,357.5,1012.5,6575.5,3067.7,1,0,575,0,101
"decay, restored exempt",lookahead 0s,±150 m,202,2054,2183,55.4,30.7,9.17,2857.1,15816.2,2367,51,37,708,44,1,101.8,452.1,490.3,29.0,115.2,466.9,2959.7,15685.9,5010.2,2,0,231,0,434
"decay, restored exempt",lookahead 0s,±150 m,303,1832,1912,53.6,29.7,5.56,1557.4,8761.1,4665,41,74,685,9,0,70.9,359.7,359.7,,101.5,428.6,935.9,1393.7,3036.6,0,0,485,0,191
"decay, restored exempt",lookahead 0s,±150 m,404,955,1038,61.6,29.6,5.25,1367.5,5449.2,2903,37,43,701,43,0,69.7,168.9,1414.5,,76.0,367.9,1816.0,4734.9,2504.3,1,0,289,0,368
"decay, restored exempt",lookahead 0s,±150 m,505,1988,2025,60.9,32.0,8.36,2417.0,12257.4,4990,49,63,721,6,0,110.0,417.6,417.6,,123.8,425.3,2620.0,8590.0,4806.0,0,0,499,0,216
"decay, restored exempt",lookahead 0s,±150 m,606,1394,1499,62.3,29.8,7.48,1829.7,10442.1,4282,33,72,690,16,1,71.4,374.8,374.8,29.9,88.9,385.7,1893.0,10041.0,3593.8,2,0,437,0,239
"decay, restored exempt",lookahead 120s,±0 m,101,859,1664,60.9,28.8,8.35,2459.5,14191.4,5130,27,31,688,11,0,58.0,388.8,388.8,,63.4,357.3,1735.3,12379.6,4691.9,3,0,668,0,2
"decay, restored exempt",lookahead 120s,±0 m,202,1288,1976,52.9,33.2,13.35,4479.2,30662.5,5577,33,24,708,44,1,90.9,400.3,434.4,29.0,83.9,403.7,1445.7,3073.4,8478.5,17,0,647,0,27
"decay, restored exempt",lookahead 120s,±0 m,303,1091,1835,53.6,29.7,10.93,3078.1,21627.1,4795,30,28,685,9,0,65.9,359.7,359.7,,78.3,376.8,2110.9,17344.9,5942.7,1,0,666,0,8
"decay, restored exempt",lookahead 120s,±0 m,404,439,1058,61.0,30.1,8.63,2144.7,14101.4,4626,24,31,701,43,0,32.7,78.9,344.5,,57.6,325.3,1841.8,10537.1,4035.6,21,0,647,0,28
"decay, restored exempt",lookahead 120s,±0 m,505,1103,1861,60.3,32.6,12.05,3783.3,26925.7,5191,35,27,721,6,0,97.5,417.6,417.6,,74.0,360.7,6140.0,35230.0,7497.8,1,0,699,0,14
"decay, restored exempt",lookahead 120s,±0 m,606,605,1379,62.4,29.7,9.08,2294.4,14676.8,4628,20,23,690,16,1,68.6,374.8,374.8,29.9,55.6,306.2,2684.3,15252.2,4541.2,6,0,657,0,15
"decay, restored exempt",lookahead 120s,±50 m,101,1259,1684,60.8,28.9,6.73,1751.9,9174.5,5574,27,48,688,11,0,58.0,388.8,388.8,,65.8,357.3,1369.8,7819.6,3183.4,2,0,650,0,19
"decay, restored exempt",lookahead 120s,±50 m,202,1764,2089,53.2,33.0,9.36,2742.4,17175.0,5132,42,48,708,44,1,97.4,434.4,445.3,29.0,95.6,434.6,1332.5,6844.2,4740.8,4,0,514,0,152
"decay, restored exempt",lookahead 120s,±50 m,303,1456,1848,53.6,29.7,6.54,1656.5,6754.8,5298,32,71,685,9,0,65.9,359.7,359.7,,81.4,381.4,949.2,6439.9,3204.9,1,0,643,0,33
"decay, restored exempt",lookahead 120s,±50 m,404,695,1028,61.2,29.9,5.62,1669.4,10968.6,4474,27,58,701,43,0,48.4,108.9,799.5,,64.9,345.3,916.7,3596.7,3136.5,3,0,512,0,147
"decay, restored exempt",lookahead 120s,±50 m,505,1495,1893,60.3,32.6,7.95,2561.2,16024.5,5641,36,62,721,6,0,97.5,417.6,417.6,,78.1,383.2,322.5,717.6,5060.1,0,0,672,0,40
"decay, restored exempt",lookahead 120s,±50 m,606,921,1436,62.2,29.9,5.58,1536.8,8583.2,4803,25,65,690,16,1,68.6,374.8,374.8,29.9,60.0,328.8,1050.2,9372.2,2944.9,4,0,609,0,63
"decay, restored exempt",lookahead 120s,±150 m,101,1591,1727,62.4,27.3,5.29,1247.7,6758.8,5224,41,45,688,11,0,81.2,388.8,388.8,,80.0,376.6,1078.0,7235.5,2343.0,1,0,561,0,115
"decay, restored exempt",lookahead 120s,±150 m,202,2054,2170,55.7,30.5,8.49,2281.7,12749.7,2074,52,34,708,44,1,101.8,452.1,490.3,29.0,113.4,466.9,2435.0,8275.9,3990.9,1,0,209,0,455
"decay, restored exempt",lookahead 120s,±150 m,303,1807,1883,53.8,29.5,6.67,1739.1,8101.7,4462,42,70,685,9,0,70.9,359.7,359.7,,104.1,450.8,922.5,1378.7,3319.8,0,0,460,0,216
"decay, restored exempt",lookahead 120s,±150 m,404,955,1040,61.2,29.9,6.13,1486.9,6489.9,2486,37,38,701,43,0,68.3,147.4,1414.5,,76.2,376.9,2101.0,6519.9,2705.5,1,0,253,0,404
"decay, restored exempt",lookahead 120s,±150 m,505,1955,1990,60.9,32.0,9.37,2675.7,15051.4,4730,49,50,721,6,0,112.5,417.6,417.6,,147.5,432.6,4852.5,17455.0,5217.5,0,0,481,0,234
"decay, restored exempt",lookahead 120s,±150 m,606,1357,1423,62.3,29.8,7.45,1824.1,10692.7,4132,34,66,690,16,1,69.6,374.8,374.8,29.9,93.7,395.7,2236.1,11061.0,3499.1,2,0,420,0,256
"decay, restored exempt",lookahead 300s,±0 m,101,819,1647,61.0,28.8,8.3,2442.6,13901.5,5148,27,28,688,11,0,63.5,388.8,388.8,,64.7,357.3,1714.8,12169.6,4524.8,3,0,658,0,11
"decay, restored exempt",lookahead 300s,±0 m,202,1255,1963,52.9,33.2,13.23,4407.2,30378.7,5184,34,26,708,44,1,91.9,415.3,437.1,29.0,85.3,411.0,1429.3,3088.4,8251.1,14,0,602,0,70
"decay, restored exempt",lookahead 300s,±0 m,303,1095,1830,53.6,29.7,9.06,2416.4,15148.2,4875,30,26,685,9,0,64.2,359.7,359.7,,78.5,376.8,187.5,629.7,4673.3,0,0,658,0,14
"decay, restored exempt",lookahead 300s,±0 m,404,439,1054,61.1,30.1,8.86,2381.5,15417.9,4580,24,29,701,43,0,32.4,78.9,329.5,,57.7,325.3,2012.7,13492.1,4554.0,21,0,637,0,38
"decay, restored exempt",lookahead 300s,±0 m,505,1115,1843,60.3,32.6,11.77,3639.2,26214.2,5197,35,24,721,6,0,95.0,417.6,417.6,,74.0,363.0,5972.5,34330.0,7431.2,1,0,684,0,29
"decay, restored exempt",lookahead 300s,±0 m,606,582,1359,62.2,29.9,9.55,2404.6,16505.7,4693,20,19,690,16,1,67.7,359.8,359.8,29.9,54.9,305.9,2505.2,17202.2,4638.1,6,0,650,0,20
"decay, restored exempt",lookahead 300s,±50 m,101,1367,1807,60.8,29.0,7.88,2047.6,13535.6,5406,42,32,688,11,0,71.6,388.8,388.8,,76.0,377.7,1860.7,12634.6,3783.7,2,0,630,0,38
"decay, restored exempt",lookahead 300s,±50 m,202,1790,2106,53.0,33.1,11.03,3317.6,24152.4,4282,43,50,708,44,1,97.0,434.4,460.3,29.0,96.1,435.3,1338.6,6724.2,5619.4,4,0,433,0,233
"decay, restored exempt",lookahead 300s,±50 m,303,1435,1826,53.6,29.7,6.48,1731.4,8282.4,5414,32,64,685,9,0,67.5,359.7,359.7,,83.9,383.6,1019.2,6319.9,3402.4,1,0,639,0,37
"decay, restored exempt",lookahead 300s,±50 m,404,651,966,61.3,29.8,5.49,1500.1,9744.2,4120,27,47,701,43,0,50.5,123.9,814.5,,64.6,339.7,873.4,1046.2,2703.1,3,0,471,0,187
"decay, restored exempt",lookahead 300s,±50 m,505,1521,1885,60.3,32.6,8.72,2705.6,16447.2,5900,37,60,721,6,0,97.5,417.6,417.6,,79.5,390.7,365.0,799.0,5271.0,0,0,657,0,57
"decay, restored exempt",lookahead 300s,±50 m,606,919,1397,62.2,29.9,6.25,1700.4,10518.9,4798,25,71,690,16,1,68.6,374.8,374.8,29.9,60.3,328.8,1218.9,11862.2,3360.0,4,0,600,0,74
"decay, restored exempt",lookahead 300s,±150 m,101,1697,1825,62.4,27.3,6.3,1509.2,10523.8,4855,48,36,688,11,0,81.2,388.8,388.8,,87.9,437.1,1500.7,11915.5,2801.3,1,0,533,0,142
"decay, restored exempt",lookahead 300s,±150 m,202,2030,2147,55.7,30.5,10.71,3074.6,19036.6,1748,52,26,708,44,1,101.8,452.1,490.3,29.0,116.9,466.9,3063.3,15475.9,5358.2,1,0,172,0,492
"decay, restored exempt",lookahead 300s,±150 m,303,1733,1809,53.8,29.5,7.12,1843.1,8513.5,4279,42,48,685,9,0,70.9,359.7,359.7,,106.0,451.4,1017.5,1393.7,3491.9,0,0,434,0,242
"decay, restored exempt",lookahead 300s,±150 m,404,899,990,61.0,30.1,5.96,1480.5,6290.3,2048,36,36,701,43,0,68.6,153.9,1429.5,,75.2,372.9,2201.4,6324.9,2693.5,1,0,218,0,439
"decay, restored exempt",lookahead 300s,±150 m,505,2060,2095,62.8,30.0,8.33,2202.6,11376.1,4459,57,46,721,6,0,110.0,417.6,417.6,,141.0,434.9,3475.0,11620.0,4244.8,0,0,460,0,255
"decay, restored exempt",lookahead 300s,±150 m,606,1399,1456,62.3,29.8,7.47,1741.5,8583.8,3938,39,55,690,16,1,69.6,374.8,374.8,29.9,94.8,398.5,2232.4,10431.0,3312.2,2,0,410,0,266
"decay, restored exempt",lookahead 900s,±0 m,101,840,1665,60.7,29.1,8.37,2443.6,14432.7,4642,29,19,688,11,0,63.5,388.8,388.8,,67.3,379.9,1676.6,11764.6,4488.1,3,0,611,0,58
"decay, restored exempt",lookahead 900s,±0 m,202,1247,1959,52.9,33.2,12.36,3924.3,26836.5,4344,34,17,708,44,1,91.9,415.3,437.1,29.0,85.6,414.8,763.2,1894.2,7307.6,8,0,500,0,166
"decay, restored exempt",lookahead 900s,±0 m,303,1120,1852,53.6,29.7,11.25,3320.7,22985.5,4646,33,10,685,9,0,64.2,359.7,359.7,,82.6,390.8,230.9,659.7,6204.0,0,0,613,0,59
"decay, restored exempt",lookahead 900s,±0 m,404,393,995,61.3,29.8,9.33,2358.7,14941.8,4372,24,15,701,43,0,36.2,108.9,329.5,,58.7,330.2,2269.4,13357.1,4502.2,17,0,606,0,65
"decay, restored exempt",lookahead 900s,±0 m,505,1101,1867,60.2,32.7,13.06,4325.0,31084.2,5076,36,25,721,6,0,97.5,417.6,417.6,,77.5,368.3,300.0,814.0,8435.4,0,0,642,0,69
"decay, restored exempt",lookahead 900s,±0 m,606,610,1389,62.2,29.9,9.93,2533.5,18005.0,4428,22,14,690,16,1,66.8,359.8,359.8,29.9,56.3,317.6,3231.8,19257.2,4836.3,6,0,615,0,57
"decay, restored exempt",lookahead 900s,±50 m,101,1343,1779,60.8,28.9,6.72,1747.9,9369.4,4599,42,26,688,11,0,71.6,373.8,373.8,,79.6,424.0,1528.0,8944.6,3193.3,2,0,582,0,88
"decay, restored exempt",lookahead 900s,±50 m,202,1789,2091,53.7,32.5,11.43,3445.7,25632.1,3303,44,40,708,44,1,98.1,434.4,460.3,29.0,97.7,437.1,2162.6,7253.7,5765.9,4,0,314,0,353
"decay, restored exempt",lookahead 900s,±50 m,303,1472,1878,53.6,29.7,6.38,1806.2,11481.6,4581,40,44,685,9,0,65.9,359.7,359.7,,97.7,434.4,1709.2,11104.9,3363.0,1,0,548,0,128
"decay, restored exempt",lookahead 900s,±50 m,404,635,949,61.3,29.8,5.43,1483.8,9860.9,3764,28,47,701,43,0,50.1,123.9,829.5,,65.9,343.8,1171.0,8253.9,2683.6,5,0,418,0,242
"decay, restored exempt",lookahead 900s,±50 m,505,1693,2029,61.1,31.8,6.58,2107.9,14296.0,5176,50,56,721,6,0,97.5,417.6,417.6,,92.4,408.6,592.5,1099.0,3906.0,0,0,555,0,157
"decay, restored exempt",lookahead 900s,±50 m,606,946,1396,62.2,29.9,5.63,1532.5,7641.6,4548,28,54,690,16,1,69.6,374.8,374.8,29.9,65.8,358.0,2106.8,11397.2,2925.6,4,0,551,0,122
"decay, restored exempt",lookahead 900s,±150 m,101,1698,1818,62.5,27.2,6.7,1570.7,11414.6,3954,48,32,688,11,0,83.9,373.8,373.8,,89.2,447.4,1483.0,12215.5,2987.7,1,0,441,0,233
"decay, restored exempt",lookahead 900s,±150 m,202,2039,2155,56.0,30.2,10.11,2803.2,16754.7,1441,53,20,708,44,1,102.8,452.1,505.3,29.0,116.1,477.6,2837.3,13720.9,4903.5,1,0,139,0,525
"decay, restored exempt",lookahead 900s,±150 m,303,1795,1856,55.5,27.7,6.83,1780.7,8568.9,2949,50,39,685,9,0,69.2,359.7,359.7,,118.6,471.3,1187.5,2840.4,3229.8,0,0,326,0,350
"decay, restored exempt",lookahead 900s,±150 m,404,894,984,61.1,30.0,6.38,1611.8,6516.3,1647,36,32,701,43,0,69.7,153.9,1459.5,,74.9,370.4,2559.3,7344.9,2919.8,1,0,171,0,486
"decay, restored exempt",lookahead 900s,±150 m,505,2115,2154,64.3,28.5,6.44,1669.6,7842.8,2528,63,32,721,6,0,102.5,417.6,417.6,,136.5,472.8,2795.0,8485.0,3174.0,0,0,268,0,447
"decay, restored exempt",lookahead 900s,±150 m,606,1367,1426,62.5,29.6,6.85,1736.7,10060.3,2837,39,40,690,16,1,69.6,374.8,374.8,29.9,99.3,398.5,2401.1,10251.0,3262.8,2,0,305,0,371
