day,dial,seed,sla_breaches,sla_breaches_as_submitted,cloud_hours,local_hours,drained_hours,mean_wait_s,p95_wait_s,jobs_reprioritised,overload_decisions,accepted_breach_cycles,events,exposing_events,exposing_high_events,ttl_exposing_mean_s,ttl_exposing_p95_s,ttl_exposing_max_s,ttl_exposing_high_mean_s,ttl_all_mean_s,ttl_all_p95_s,ttp_exposing_mean_s,ttp_exposing_p95_s,ttp_all_mean_s,exposing_ever_decayed,exposing_promoted,decayed_events,promoted_events,harmless_kept_events
workday,reference,101,30,30,53.3,278.2,24.05,512.1,3832.7,0,0,0,2242,58,0,52.2,178.0,248.6,,48.3,135.0,1514.4,4691.0,1826.0,0,0,0,0,0
workday,reference,202,16,16,50.3,277.7,24.0,364.7,2272.7,0,2,0,2165,54,0,44.7,129.5,136.2,,47.0,136.0,1268.6,2961.2,1255.2,0,0,0,0,0
workday,reference,303,9,9,51.3,276.5,24.01,1136.2,8084.0,0,0,0,2206,70,0,42.0,126.0,142.7,,47.3,140.5,4024.1,8719.1,4074.1,0,0,0,0,0
workday,reference,404,10,10,57.0,277.0,24.0,549.5,4193.0,0,0,0,2212,55,0,45.5,125.5,199.2,,50.2,135.5,2065.4,5020.4,1943.0,0,0,0,0,0
workday,safety 1.0,101,38,38,39.1,277.4,34.64,3083.0,17665.1,0,0,0,2242,58,0,62.3,208.0,264.1,,59.5,185.4,9018.1,34417.3,11421.3,0,0,0,0,0
workday,safety 1.0,202,37,37,37.1,270.9,30.87,1861.4,12797.7,0,6,0,2165,54,0,54.1,166.2,174.5,,57.3,174.6,7176.4,22601.3,6684.7,0,0,0,0,0
workday,safety 1.0,303,20,20,39.3,274.9,34.52,3207.8,17263.2,0,0,0,2206,70,0,51.7,157.7,179.2,,56.7,174.6,13038.0,32337.1,11686.5,0,0,0,0,0
workday,safety 1.0,404,45,45,59.1,263.7,24.0,1006.8,6233.7,0,10,0,2212,55,0,55.1,191.8,214.2,,59.0,178.7,3724.4,7654.2,3598.5,0,0,0,0,0
workday,safety 1.3,101,26,26,73.0,282.3,24.05,104.7,460.9,0,0,0,2242,58,0,47.3,148.0,218.6,,42.7,117.7,328.4,739.9,323.4,0,0,0,0,0
workday,safety 1.3,202,6,6,64.4,281.7,24.0,102.3,454.1,0,0,0,2165,54,0,39.1,103.8,121.2,,42.0,110.1,342.7,809.8,317.6,0,0,0,0,0
workday,safety 1.3,303,5,5,71.0,282.1,24.0,152.6,766.4,0,0,0,2206,70,0,37.5,89.2,127.7,,41.7,116.5,489.2,1490.7,493.2,0,0,0,0,0
workday,safety 1.3,404,13,13,72.9,281.8,24.0,103.3,447.6,0,0,0,2212,55,0,39.0,98.1,184.2,,43.2,115.2,285.3,773.1,313.6,0,0,0,0,0
workday,safety 1.5,101,26,26,103.3,285.2,24.04,68.2,303.6,0,0,0,2242,58,0,41.3,133.0,173.6,,37.4,89.7,221.6,566.5,208.9,0,0,0,0,0
workday,safety 1.5,202,6,6,92.1,285.2,24.0,65.9,296.7,0,0,0,2165,54,0,33.3,69.5,106.2,,37.3,91.5,185.5,464.9,200.2,0,0,0,0,0
workday,safety 1.5,303,5,5,99.5,285.4,24.0,68.3,304.6,0,0,0,2206,70,0,32.2,57.9,85.4,,37.0,92.4,211.7,459.8,209.0,0,0,0,0,0
workday,safety 1.5,404,8,8,101.6,284.8,24.0,68.7,295.2,0,0,0,2212,55,0,33.5,68.1,139.2,,37.8,93.2,165.0,386.8,206.6,0,0,0,0,0
workday,horizon 5 min,101,72,72,86.5,252.4,24.07,597.4,3438.0,0,7,0,2242,58,0,74.7,264.1,278.6,,67.7,219.8,2327.3,5023.2,2072.3,0,0,0,0,0
workday,horizon 5 min,202,148,148,71.3,251.9,24.12,772.5,4267.0,0,14,0,2165,54,0,64.1,223.8,263.1,,66.1,214.5,2712.7,5584.1,2691.3,0,0,0,0,0
workday,horizon 5 min,303,135,135,62.9,252.1,24.17,1068.7,6302.9,0,9,0,2206,70,0,58.1,156.0,209.2,,66.1,212.6,3816.4,7579.1,3750.0,0,0,0,0,0
workday,horizon 5 min,404,173,173,90.0,250.4,24.01,514.1,3053.3,0,22,0,2212,55,0,64.4,229.2,245.5,,64.8,206.4,1672.4,3609.2,1752.2,0,0,0,0,0
workday,horizon 30 min,101,26,26,65.6,282.2,24.05,129.3,582.7,0,0,0,2242,58,0,47.8,163.0,233.6,,43.8,118.3,402.9,809.9,409.8,0,0,0,0,0
workday,horizon 30 min,202,7,7,58.5,280.7,24.0,118.4,539.5,0,0,0,2165,54,0,41.1,99.5,136.2,,42.7,113.3,406.6,932.8,373.7,0,0,0,0,0
workday,horizon 30 min,303,5,5,64.4,281.1,24.0,295.4,2103.7,0,0,0,2206,70,0,37.7,96.0,127.7,,42.7,116.3,1052.4,3330.4,1008.8,0,0,0,0,0
workday,horizon 30 min,404,13,13,71.0,281.7,24.0,131.1,659.2,0,0,0,2212,55,0,39.5,108.8,184.2,,44.0,117.8,372.8,839.1,416.0,0,0,0,0,0
workday,horizon 60 min,101,26,26,75.1,283.5,24.05,97.0,431.8,0,0,0,2242,58,0,46.0,148.0,218.6,,41.5,108.8,308.2,652.6,299.7,0,0,0,0,0
workday,horizon 60 min,202,6,6,66.6,282.7,24.0,93.4,415.3,0,0,0,2165,54,0,38.0,99.5,121.2,,40.9,103.4,303.0,736.6,287.8,0,0,0,0,0
workday,horizon 60 min,303,5,5,72.3,283.0,24.0,115.2,525.8,0,0,0,2206,70,0,34.5,74.2,85.4,,40.9,109.0,361.3,734.6,362.7,0,0,0,0,0
workday,horizon 60 min,404,14,14,75.1,282.7,24.0,96.5,423.9,0,0,0,2212,55,0,38.2,98.1,184.2,,42.2,112.3,264.5,680.9,291.2,0,0,0,0,0
workday,step 5 s,101,29,29,55.5,278.4,24.05,398.9,2854.1,0,0,0,2242,58,0,50.4,178.0,233.6,,47.8,136.7,1155.0,3486.2,1403.1,0,0,0,0,0
workday,step 5 s,202,16,16,46.0,278.3,24.0,479.0,3226.5,0,0,0,2165,54,0,45.2,129.5,136.2,,47.0,135.0,1703.3,3846.2,1680.6,0,0,0,0,0
workday,step 5 s,303,9,9,55.0,277.6,24.01,908.6,6170.0,0,0,0,2206,70,0,41.2,126.0,142.7,,46.8,139.8,3339.4,8435.7,3235.8,0,0,0,0,0
workday,step 5 s,404,10,10,64.7,277.9,24.0,258.2,1691.5,0,4,0,2212,55,0,44.5,123.8,214.2,,48.4,137.1,775.4,2126.4,873.7,0,0,0,0,0
workday,step 60 s,101,30,30,50.1,277.7,24.06,742.0,5349.0,0,0,0,2242,58,0,51.7,178.0,248.6,,49.0,142.4,2107.2,6382.2,2679.8,0,0,0,0,0
workday,step 60 s,202,19,19,43.6,276.5,24.0,610.5,4164.5,0,0,0,2165,54,0,45.2,129.5,136.2,,48.0,136.3,2229.1,5033.0,2164.7,0,0,0,0,0
workday,step 60 s,303,13,13,49.5,275.9,24.01,1261.5,8853.4,0,0,0,2206,70,0,43.7,126.0,147.9,,48.1,142.9,4502.6,9524.6,4533.8,0,0,0,0,0
workday,step 60 s,404,10,10,51.4,276.6,24.0,860.8,6201.7,0,0,0,2212,55,0,46.6,125.5,214.2,,52.1,137.1,3138.3,7202.6,3096.2,0,0,0,0,0
workday,scale-up step 5,101,30,30,53.3,278.1,24.05,512.1,3832.7,0,0,0,2242,58,0,52.2,178.0,248.6,,48.3,135.0,1514.7,4691.0,1826.1,0,0,0,0,0
workday,scale-up step 5,202,16,16,46.0,277.7,24.0,396.0,2450.3,0,2,0,2165,54,0,44.7,129.5,136.2,,47.2,136.0,1375.5,3218.3,1368.5,0,0,0,0,0
workday,scale-up step 5,303,9,9,50.9,276.5,24.01,1166.7,8369.7,0,0,0,2206,70,0,41.4,126.0,142.7,,47.2,140.5,4126.5,8819.6,4186.6,0,0,0,0,0
workday,scale-up step 5,404,10,10,55.2,277.0,24.0,581.3,4430.2,0,0,0,2212,55,0,45.0,125.5,199.2,,50.3,136.2,2162.2,5110.4,2061.1,0,0,0,0,0
workday,scale-up step 20,101,30,30,53.3,278.2,24.05,512.1,3832.7,0,0,0,2242,58,0,52.2,178.0,248.6,,48.3,135.0,1514.4,4691.0,1826.0,0,0,0,0,0
workday,scale-up step 20,202,16,16,50.3,277.7,24.0,364.8,2272.7,0,2,0,2165,54,0,44.7,129.5,136.2,,47.0,136.0,1269.1,2961.2,1255.5,0,0,0,0,0
workday,scale-up step 20,303,9,9,51.3,276.5,24.01,1136.2,8084.0,0,0,0,2206,70,0,42.0,126.0,142.7,,47.3,140.5,4024.1,8719.1,4074.1,0,0,0,0,0
workday,scale-up step 20,404,10,10,57.0,277.0,24.0,549.5,4193.0,0,0,0,2212,55,0,45.5,125.5,199.2,,50.2,135.5,2065.4,5020.4,1943.0,0,0,0,0,0
workday,scale-up cooldown 1 min,101,30,30,50.3,278.0,24.06,671.3,5021.8,0,0,0,2242,58,0,53.0,178.0,248.6,,49.4,145.2,1921.3,6157.2,2412.4,0,0,0,0,0
workday,scale-up cooldown 1 min,202,24,24,41.5,277.2,24.0,769.3,5226.8,0,2,0,2165,54,0,45.5,129.5,136.2,,48.4,138.6,2854.4,6680.4,2746.5,0,0,0,0,0
workday,scale-up cooldown 1 min,303,12,12,48.0,276.2,24.01,1434.6,9927.5,0,0,0,2206,70,0,42.9,126.0,149.2,,48.0,142.8,5179.7,10494.8,5170.6,0,0,0,0,0
workday,scale-up cooldown 1 min,404,12,12,52.2,276.4,24.0,738.9,5357.0,0,2,0,2212,55,0,46.6,128.1,214.2,,52.2,140.3,2715.0,6370.6,2642.6,0,0,0,0,0
workday,scale-up cooldown 5 min,101,55,55,32.5,286.6,32.75,2740.0,17359.5,0,1,0,2242,58,0,56.6,200.8,223.0,,55.2,177.1,7868.5,27592.3,10141.9,0,0,0,0,0
workday,scale-up cooldown 5 min,202,90,90,32.6,281.9,27.68,1791.8,12486.6,0,6,0,2165,54,0,54.7,145.0,174.7,,54.4,166.5,7025.8,13575.8,6476.3,0,0,0,0,0
workday,scale-up cooldown 5 min,303,137,137,43.6,274.7,24.12,1254.1,9017.1,0,11,0,2206,70,0,48.2,147.9,187.4,,54.2,172.6,4393.5,9576.8,4499.8,0,0,0,0,0
workday,scale-up cooldown 5 min,404,283,283,53.4,273.4,24.0,775.4,5211.3,0,33,0,2212,55,0,56.5,213.6,221.8,,56.8,165.8,2826.0,6571.6,2749.5,0,0,0,0,0
workday,local floor 0,101,33,33,53.3,278.1,24.05,512.1,3832.7,0,0,0,2242,58,0,52.2,178.0,248.6,,48.3,135.0,1514.4,4691.0,1826.0,0,0,0,0,0
workday,local floor 0,202,17,17,50.3,278.4,24.0,364.5,2272.7,0,2,0,2165,54,0,44.7,129.5,136.2,,47.0,136.0,1268.6,2961.2,1254.7,0,0,0,0,0
workday,local floor 0,303,9,9,51.3,276.5,24.01,1136.2,8084.0,0,0,0,2206,70,0,42.0,126.0,142.7,,47.3,140.5,4024.1,8719.1,4074.1,0,0,0,0,0
workday,local floor 0,404,11,11,56.8,277.7,24.0,549.1,4193.0,0,0,0,2212,55,0,45.5,125.5,199.2,,50.2,135.5,2065.4,5020.4,1942.1,0,0,0,0,0
workday,local floor 12,101,0,0,49.0,288.1,24.02,565.7,4318.0,0,0,0,2242,58,0,51.9,187.6,248.6,,48.3,142.4,1684.4,5286.2,2025.2,0,0,0,0,0
workday,local floor 12,202,13,13,49.9,287.8,24.0,376.1,2428.4,0,5,0,2165,54,0,45.2,106.6,151.2,,46.8,138.2,1301.6,3518.0,1294.0,0,0,0,0,0
workday,local floor 12,303,5,5,51.1,287.8,24.0,998.7,6891.5,0,0,0,2206,70,0,42.0,141.0,164.2,,46.2,140.5,3685.1,9545.7,3567.6,0,0,0,0,0
workday,local floor 12,404,8,8,57.5,287.8,24.0,480.2,3376.7,0,2,0,2212,55,0,43.4,128.1,214.2,,49.9,147.0,1745.5,4338.6,1691.3,0,0,0,0,0
rock burst,reference,101,6780,6780,125.9,306.0,48.08,7784.6,46445.2,0,210,0,2986,57,0,60.8,151.0,704.7,,144.6,1079.4,27012.4,71126,28586.0,0,0,0,0,0
rock burst,reference,202,6682,6682,134.4,309.3,48.25,7616.4,48307.1,0,204,0,3086,75,0,104.7,659.3,1344.4,,128.9,986.4,32281.3,86545.1,27863.4,0,0,0,0,0
rock burst,reference,303,6010,6010,145.8,305.9,46.65,6325.1,29144.9,0,195,0,3103,76,1,95.3,685.9,1051.4,1051.4,131.9,940.0,20947.3,72652.5,23134.7,0,0,0,0,0
rock burst,reference,404,5881,5881,128.1,307.8,48.0,7226.9,38602.9,0,189,0,3001,63,0,69.8,177.7,576.0,,124.6,903.8,24118.8,67286.8,26431.4,0,0,0,0,0
rock burst,safety 1.0,101,7934,7934,108.3,315.9,48.22,12648.1,86213.9,0,212,0,2986,57,0,70.5,188.1,704.7,,154.4,1079.4,43832.1,86432.8,46767.4,0,0,0,0,0
rock burst,safety 1.0,202,7784,7784,113.2,321.6,48.08,12452.8,86265.5,0,205,0,3086,75,0,112.9,689.3,1359.4,,139.8,987.1,52658.9,86583.0,45906.3,0,0,0,0,0
rock burst,safety 1.0,303,7058,7058,128.6,314.1,48.24,10307.8,85413.0,0,201,0,3103,76,1,108.3,700.9,1051.4,1051.4,142.9,944.3,34657.3,86596.4,37756.6,0,0,0,0,0
rock burst,safety 1.0,404,6578,6578,118.8,308.9,48.0,10210.2,84352.9,0,194,0,3001,63,0,87.4,234.6,591.0,,136.3,916.4,34159.6,86244.3,37414.1,0,0,0,0,0
rock burst,safety 1.3,101,6531,6531,149.6,288.5,28.47,3103.5,17549.8,0,210,0,2986,57,0,55.3,128.1,704.7,,139.6,1079.4,10467.6,18224.8,11138.6,0,0,0,0,0
rock burst,safety 1.3,202,6123,6123,159.6,290.3,29.97,2839.1,15653.3,0,203,0,3086,75,0,99.9,644.3,1329.4,,123.1,972.1,10775.5,16400.0,10172.9,0,0,0,0,0
rock burst,safety 1.3,303,5980,5980,167.7,288.1,26.16,2687.6,15483.8,0,192,0,3103,76,1,91.4,685.9,1036.4,1036.4,126.0,929.3,8361.7,16797.1,9550.6,0,0,0,0,0
rock burst,safety 1.3,404,5673,5673,152.2,290.7,27.82,3017.4,16980.2,0,188,0,3001,63,0,62.2,145.2,561.0,,118.3,888.8,10377.9,18114.1,10745.2,0,0,0,0,0
rock burst,safety 1.5,101,6531,6531,182.1,285.5,24.0,1259.1,7749.4,0,210,0,2986,57,0,49.5,98.1,704.7,,135.4,1075.1,3406.6,9335.3,4258.6,0,0,0,0,0
rock burst,safety 1.5,202,6068,6068,194.2,284.9,24.01,1005.1,6704.4,0,202,0,3086,75,0,95.1,629.3,1329.4,,117.6,957.1,2688.9,7396.0,3341.0,0,0,0,0,0
rock burst,safety 1.5,303,5926,5926,203.3,285.0,24.01,981.5,6729.5,0,190,0,3103,76,1,85.8,670.9,1036.4,1036.4,120.3,920.4,2678.7,7641.8,3265.1,0,0,0,0,0
rock burst,safety 1.5,404,5624,5624,186.8,286.4,24.0,1147.6,7551.1,0,188,0,3001,63,0,56.2,130.2,546.0,,113.0,885.1,3534.3,8030.1,3856.7,0,0,0,0,0
rock burst,horizon 5 min,101,6595,6595,174.0,258.7,26.38,1111.9,5812.9,0,224,0,2986,57,0,78.7,251.2,704.7,,160.3,1079.4,2609.5,6593.6,3609.7,0,0,0,0,0
rock burst,horizon 5 min,202,6236,6236,175.2,263.3,27.78,1768.8,8236.1,0,224,0,3086,75,0,119.3,674.3,1344.4,,145.7,987.1,5691.9,10216.0,6081.8,0,0,0,0,0
rock burst,horizon 5 min,303,6225,6225,183.6,270.4,30.35,1330.0,8638.3,0,228,0,3103,76,1,121.4,700.9,1051.4,1051.4,148.8,944.3,4094.8,13987.5,4469.4,0,0,0,0,0
rock burst,horizon 5 min,404,5823,5823,163.5,266.4,30.37,2515.0,12202.0,0,214,0,3001,63,0,92.4,234.2,591.0,,140.4,915.1,8126.2,14678.9,8811.3,0,0,0,0,0
rock burst,horizon 30 min,101,6533,6533,143.8,292.4,32.75,3673.5,20213.2,0,210,0,2986,57,0,56.6,137.0,704.7,,140.7,1079.4,12148.7,20517.3,13263.9,0,0,0,0,0
rock burst,horizon 30 min,202,6139,6139,152.4,295.7,35.98,3739.8,19429.9,0,204,0,3086,75,0,100.9,644.3,1337.9,,124.5,972.1,15085.5,35207.2,13518.0,0,0,0,0,0
rock burst,horizon 30 min,303,5995,5995,163.1,293.3,31.5,3244.5,18472.2,0,194,0,3103,76,1,92.7,685.9,1051.4,1051.4,127.5,935.4,10428.9,19508.5,11646.8,0,0,0,0,0
rock burst,horizon 30 min,404,5695,5695,145.2,295.7,33.44,3732.9,20378.4,0,189,0,3001,63,0,64.6,160.2,576.0,,120.3,900.2,12699.8,21032.2,13402.1,0,0,0,0,0
rock burst,horizon 60 min,101,6531,6531,154.5,284.3,24.09,2517.2,14387.9,0,210,0,2986,57,0,54.5,122.0,704.7,,138.6,1079.4,8526.3,14987.8,8944.8,0,0,0,0,0
rock burst,horizon 60 min,202,6112,6112,163.3,287.3,26.26,2432.6,13455.2,0,203,0,3086,75,0,98.3,644.3,1329.4,,122.1,971.4,8753.9,14073.2,8642.5,0,0,0,0,0
rock burst,horizon 60 min,303,5989,5989,170.6,285.1,24.06,2242.2,12906.5,0,193,0,3103,76,1,91.0,685.9,1051.4,1051.4,125.5,929.3,6946.0,13932.1,7899.2,0,0,0,0,0
rock burst,horizon 60 min,404,5685,5685,155.3,287.4,24.28,2583.3,14690.4,0,189,0,3001,63,0,61.0,145.2,561.0,,118.3,894.9,8881.9,15596.6,9136.9,0,0,0,0,0
rock burst,step 5 s,101,6717,6717,126.6,306.3,47.91,7629.3,44540.2,0,211,0,2986,57,0,60.8,158.1,704.7,,144.3,1079.4,26362.1,69221,28012.7,0,0,0,0,0
rock burst,step 5 s,202,6330,6330,135.1,308.8,47.79,7470.8,46057.1,0,204,0,3086,75,0,105.5,659.3,1344.4,,128.9,986.4,31563.5,85887.7,27323.0,0,0,0,0,0
rock burst,step 5 s,303,6011,6011,149.4,302.2,42.98,5356.8,26194.5,0,198,0,3103,76,1,97.1,685.9,1051.4,1051.4,131.7,940.0,17687.2,59437.5,19525.1,0,0,0,0,0
rock burst,step 5 s,404,5763,5763,128.9,307.1,48.12,7024.6,36067.9,0,189,0,3001,63,0,69.1,162.7,576.0,,124.3,903.8,23452.9,64751.8,25679.9,0,0,0,0,0
rock burst,step 60 s,101,7276,7276,123.5,308.1,48.43,8393.3,54545.2,0,206,0,2986,57,0,61.8,158.1,704.7,,145.6,1079.4,29707.4,79226,30845.2,0,0,0,0,0
rock burst,step 60 s,202,7198,7198,131.8,311.0,48.52,8199.5,56332.1,0,200,0,3086,75,0,105.9,659.3,1344.4,,129.4,986.4,34851.5,86935.1,30029.9,0,0,0,0,0
rock burst,step 60 s,303,6485,6485,138.4,309.7,48.68,7356.5,41434.3,0,188,0,3103,76,1,97.3,685.9,1051.4,1051.4,133.1,940.0,24230.7,86032.5,26950.1,0,0,0,0,0
rock burst,step 60 s,404,6237,6237,125.7,309.2,48.79,7750.2,45052.9,0,187,0,3001,63,0,70.7,177.7,584.6,,125.9,909.9,25702.7,73736.8,28373.0,0,0,0,0,0
rock burst,scale-up step 5,101,6977,6977,125.4,306.5,48.08,7941.9,48200.2,0,219,0,2986,57,0,62.6,158.1,794.7,,155.6,1150.1,27606.0,72881,29135.8,0,0,0,0,0
rock burst,scale-up step 5,202,6762,6762,133.8,309.9,48.25,7781.0,50287.1,0,208,0,3086,75,0,108.9,749.3,1404.4,,135.5,1045.5,32924.3,86301.9,28448.2,0,0,0,0,0
rock burst,scale-up step 5,303,6160,6160,141.6,307.3,47.98,6714.4,32869.3,0,204,0,3103,76,1,102.2,745.9,1126.4,1126.4,140.7,1004.3,22206.1,77467.5,24551.9,0,0,0,0,0
rock burst,scale-up step 5,404,6022,6022,128.0,307.9,47.97,7244.0,38707.9,0,194,0,3001,63,0,71.7,177.7,644.6,,130.1,954.9,24152.9,67391.8,26475.3,0,0,0,0,0
rock burst,scale-up step 20,101,6807,6807,125.7,306.1,48.08,7812.3,46610.2,0,211,0,2986,57,0,60.3,151.0,704.7,,146.2,1086.7,27095.3,71291,28684.1,0,0,0,0,0
rock burst,scale-up step 20,202,6575,6575,134.3,309.4,48.25,7632.6,48532.1,0,204,0,3086,75,0,105.3,659.3,1344.4,,129.4,986.4,32360.7,86555.6,27921.1,0,0,0,0,0
rock burst,scale-up step 20,303,6024,6024,145.8,305.9,46.58,6316.7,29141.8,0,196,0,3103,76,1,95.9,700.9,1051.4,1051.4,132.6,944.3,20924.6,72427.5,23101.7,0,0,0,0,0
rock burst,scale-up step 20,404,5833,5833,128.4,307.5,48.01,7155.3,37627.9,0,189,0,3001,63,0,70.0,175.2,576.0,,124.7,903.8,23896.5,66311.8,26165.0,0,0,0,0,0
rock burst,scale-up cooldown 1 min,101,6870,6870,122.8,308.4,48.08,8469.7,55595.2,0,210,0,2986,57,0,62.1,173.1,704.7,,146.7,1082.3,30041.0,80276,31121.6,0,0,0,0,0
rock burst,scale-up cooldown 1 min,202,6875,6875,130.3,312.6,48.25,8532.4,61207.1,0,206,0,3086,75,0,108.7,719.3,1374.4,,133.3,1015.5,36327.7,86533.5,31256.6,0,0,0,0,0
rock burst,scale-up cooldown 1 min,303,6487,6487,139.3,311.5,48.1,7871.4,48649.3,0,200,0,3103,76,1,99.7,715.9,1081.4,1081.4,136.5,965.4,25721.8,86550.6,28827.2,0,0,0,0,0
rock burst,scale-up cooldown 1 min,404,6211,6211,124.6,310.4,47.97,7987.6,48292.9,0,193,0,3001,63,0,71.7,177.7,614.6,,128.6,931.4,26362.9,76976.8,29240.8,0,0,0,0,0
rock burst,scale-up cooldown 5 min,101,7766,7766,110.4,317.4,48.34,11039.4,85665.3,0,225,0,2986,57,0,76.6,255.8,764.7,,157.6,1120.1,39397.4,86438.5,40647.2,0,0,0,0,0
rock burst,scale-up cooldown 5 min,202,8362,8362,117.9,322.5,48.25,11137.3,85965.8,0,235,0,3086,75,0,127.7,959.3,1584.4,,165.9,1207.9,48351.9,86689.5,40866.4,0,0,0,0,0
rock burst,scale-up cooldown 5 min,303,7735,7735,121.7,324.3,48.1,10940.8,85938.7,0,228,0,3103,76,1,120.6,850.9,1216.4,1216.4,160.3,1120.0,36949.7,86550.6,40041.7,0,0,0,0,0
rock burst,scale-up cooldown 5 min,404,7442,7442,121.9,315.1,48.17,9991.9,76117.9,0,233,0,3001,63,0,93.4,237.7,899.6,,163.7,1181.9,32850.7,86486.8,36507.8,0,0,0,0,0
rock burst,local floor 0,101,7031,7031,125.9,306.0,47.98,9133.3,85762.2,0,210,0,2986,57,0,60.8,151.0,704.7,,144.6,1079.4,34233.9,86507.8,33534.2,0,0,0,0,0
rock burst,local floor 0,202,6944,6944,134.4,309.2,47.92,8929.4,85715.8,0,204,0,3086,75,0,104.7,659.3,1344.4,,128.8,986.4,39450.5,86440.1,32777.9,0,0,0,0,0
rock burst,local floor 0,303,6691,6691,145.8,306.0,48.09,7928.3,85551.8,0,195,0,3103,76,1,95.9,685.9,1051.4,1051.4,131.9,940.0,25889.2,86472.1,29057.0,0,0,0,0,0
rock burst,local floor 0,404,6409,6409,128.1,307.8,47.95,8690.1,85645.7,0,189,0,3001,63,0,69.8,177.7,576.0,,124.6,903.8,27738.8,86250.3,31900.8,0,0,0,0,0
rock burst,local floor 12,101,6532,6532,121.2,315.7,26.32,5158.3,31285.5,0,210,0,2986,57,0,62.4,158.1,704.7,,144.6,1079.4,18303.7,32327.8,18793.3,0,0,0,0,0
rock burst,local floor 12,202,6169,6169,134.9,313.8,26.17,4373.7,26804.2,0,204,0,3086,75,0,105.7,659.3,1344.4,,129.2,986.4,16457.3,28218.2,15821.3,0,0,0,0,0
rock burst,local floor 12,303,6023,6023,146.7,309.2,25.78,3971.2,24451.6,0,196,0,3103,76,1,94.1,700.9,1051.4,1051.4,131.8,940.0,12580.8,26293.5,14264.0,0,0,0,0,0
rock burst,local floor 12,404,5720,5720,124.0,314.2,26.2,4907.3,29843.5,0,189,0,3001,63,0,71.2,189.6,576.0,,124.4,903.8,17436.5,30665.5,17673.1,0,0,0,0,0
earthquake,reference,101,23046,23046,348.6,387.2,48.12,16257.6,86360.6,0,698,0,5167,97,1,153.0,730.5,2916.8,29.9,398.8,2810.0,56267.7,86529.9,59106.1,0,0,0,0,0
earthquake,reference,202,24997,24997,351.2,395.3,48.31,17032.0,86401.6,0,722,0,5249,137,2,470.0,2966.2,3174.8,392.5,425.0,3017.2,60484.3,86543.9,61721.9,0,0,0,0,0
earthquake,reference,303,25567,25567,358.8,390.5,48.2,16724.1,86391.1,0,761,0,5216,105,2,407.1,3032.8,3214.5,460.2,484.7,3054.0,56457.1,86559.3,60270.4,0,0,0,0,0
earthquake,reference,404,26284,26284,369.2,398.9,48.11,17129.8,86409.8,0,756,0,5401,151,4,545.2,3254.3,3352.8,1021.4,457.2,3082.0,64092.2,86642.9,61401.4,0,0,0,0,0
earthquake,safety 1.0,101,28047,28047,331.5,395.5,48.25,18261.6,86499.2,0,713,0,5167,97,1,162.6,730.5,2916.8,29.9,411.5,2820.5,60612.3,86905.4,66483.5,0,0,0,0,0
earthquake,safety 1.0,202,29234,29234,338.0,401.9,48.27,19008.3,86501.6,0,729,0,5249,137,2,483.9,2981.2,3189.8,422.5,438.6,3032.2,67484.9,86804.8,69073.6,0,0,0,0,0
earthquake,safety 1.0,303,29035,29035,344.9,393.8,48.33,17866.6,86499.3,0,777,0,5216,105,2,418.3,3047.8,3229.5,467.7,500.3,3063.2,59195.7,86637.5,64478.4,0,0,0,0,0
earthquake,safety 1.0,404,31167,31167,350.0,409.7,48.24,18892.3,86520.9,0,759,0,5401,151,4,557.2,3269.3,3352.8,1047.6,469.3,3092.5,74462.2,86961.6,67848.6,0,0,0,0,0
earthquake,safety 1.3,101,21381,21381,373.0,368.7,48.1,13717.4,86218.2,0,696,0,5167,97,1,147.4,700.5,2901.8,29.9,390.6,2789.6,46952.8,86525.6,49701.5,0,0,0,0,0
earthquake,safety 1.3,202,22539,22539,378.9,373.7,48.35,14347.7,86265.8,0,721,0,5249,137,2,461.6,2951.2,3159.8,385.0,417.3,3006.1,48717.7,86504.6,51720.4,0,0,0,0,0
earthquake,safety 1.3,303,23621,23621,381.6,374.0,48.2,14449.4,86230.0,0,758,0,5216,105,2,399.3,3017.8,3202.6,445.2,471.7,3042.1,50313.3,86497.3,51807.6,0,0,0,0,0
earthquake,safety 1.3,404,24062,24062,393.2,381.9,48.11,14747.3,86281.2,0,756,0,5401,151,4,540.5,3254.3,3352.8,1017.6,451.6,3082.0,56465.4,86538.9,52697.1,0,0,0,0,0
earthquake,safety 1.5,101,20200,20200,412.8,337.4,48.14,9376.7,69378.1,0,695,0,5167,97,1,142.9,700.5,2886.8,29.9,384.9,2777.5,32377.9,86391.0,33512.7,0,0,0,0,0
earthquake,safety 1.5,202,20869,20869,418.7,342.4,48.38,10209.0,85342.1,0,720,0,5249,137,2,454.6,2936.2,3144.8,370.0,410.8,2988.3,33119.4,86446.9,36313.8,0,0,0,0,0
earthquake,safety 1.5,303,22019,22019,421.7,341.8,48.2,10306.0,85183.9,0,757,0,5216,105,2,391.5,3002.8,3184.5,415.2,461.2,3024.6,35870.5,86436.6,36466.0,0,0,0,0,0
earthquake,safety 1.5,404,22417,22417,437.0,347.1,48.17,10520.8,85723.2,0,755,0,5401,151,4,534.5,3248.1,3337.8,998.9,446.3,3075.7,39630.5,86548.6,37194.4,0,0,0,0,0
earthquake,horizon 5 min,101,20781,20781,391.5,333.7,48.17,11747.9,86000.4,0,752,0,5167,97,1,159.0,640.5,2841.8,29.9,396.5,2720.9,37751.6,86525.5,42319.2,0,0,0,0,0
earthquake,horizon 5 min,202,22754,22754,389.9,348.2,48.32,12963.0,86257.1,0,773,0,5249,137,2,480.4,2966.2,3189.8,392.5,439.3,3023.8,42995.3,86499.0,46500.9,0,0,0,0,0
earthquake,horizon 5 min,303,23995,23995,391.7,344.2,48.23,13284.9,86209.4,0,832,0,5216,105,2,424.4,3047.8,3229.5,467.7,491.6,3059.8,47490.7,86522.1,47394.2,0,0,0,0,0
earthquake,horizon 5 min,404,24286,24286,411.7,353.8,48.12,13324.6,86292.7,0,788,0,5401,151,4,563.1,3280.5,3367.8,1055.1,474.2,3106.7,51998.9,86551.3,47364.3,0,0,0,0,0
earthquake,horizon 30 min,101,22328,22328,364.6,376.1,48.14,14399.7,86301.9,0,696,0,5167,97,1,149.0,715.5,2901.8,29.9,393.4,2800.0,49639.8,86465.5,52210.9,0,0,0,0,0
earthquake,horizon 30 min,202,23351,23351,372.8,377.6,48.2,14780.6,86301.9,0,722,0,5249,137,2,465.0,2966.2,3174.8,385.0,419.9,3012.5,50796.5,86531.7,53348.5,0,0,0,0,0
earthquake,horizon 30 min,303,24323,24323,373.3,380.4,48.2,15057.2,86310.3,0,759,0,5216,105,2,403.1,3032.8,3214.5,452.7,475.8,3049.4,51891.5,86535.6,54058.9,0,0,0,0,0
earthquake,horizon 30 min,404,24559,24559,384.8,388.0,48.11,15163.3,86330.5,0,757,0,5401,151,4,542.0,3265.5,3352.8,1021.4,453.6,3088.3,58074.8,86583.9,54192.6,0,0,0,0,0
earthquake,horizon 60 min,101,21301,21301,378.5,364.6,48.12,12843.6,86130.1,0,696,0,5167,97,1,146.5,715.5,2901.8,29.9,390.7,2795.9,43452.1,86528.1,46460.4,0,0,0,0,0
earthquake,horizon 60 min,202,22780,22780,384.6,369.3,48.2,13446.0,86199.7,0,722,0,5249,137,2,463.3,2966.2,3174.8,385.0,418.2,3012.5,45253.5,86532.6,48364.2,0,0,0,0,0
earthquake,horizon 60 min,303,23590,23590,385.7,370.9,48.21,13703.5,86181.6,0,759,0,5216,105,2,401.3,3032.8,3214.5,452.7,472.5,3049.4,48520.8,86535.6,49054.3,0,0,0,0,0
earthquake,horizon 60 min,404,23789,23789,399.4,376.1,48.11,13724.8,86247.8,0,756,0,5401,151,4,540.0,3254.3,3352.8,1021.4,451.4,3082.0,52836.1,86583.9,48930.6,0,0,0,0,0
earthquake,step 5 s,101,21727,21727,356.1,381.2,47.99,15815.1,86260.5,0,701,0,5167,97,1,153.1,730.5,2916.8,29.9,398.5,2810.0,55293.6,86466.7,57464.8,0,0,0,0,0
earthquake,step 5 s,202,23478,23478,359.0,387.8,48.13,16727.5,86305.8,0,727,0,5249,137,2,469.6,2966.2,3174.8,392.5,424.4,3017.2,59829.8,86521.0,60594.3,0,0,0,0,0
earthquake,step 5 s,303,23993,23993,364.8,384.6,47.98,16237.4,86310.2,0,762,0,5216,105,2,405.5,3032.8,3214.5,452.7,481.2,3045.1,55361.8,86511.3,58427.2,0,0,0,0,0
earthquake,step 5 s,404,24831,24831,372.2,395.9,47.98,16965.8,86356.2,0,759,0,5401,151,4,544.8,3254.3,3352.8,1017.6,456.6,3082.0,63463.3,86539.4,60794.8,0,0,0,0,0
earthquake,step 60 s,101,30019,30019,337.9,397.1,48.73,17007.4,86533.9,0,696,0,5167,97,1,153.6,730.5,2916.8,29.9,400.4,2812.7,57466.3,86758.6,61868.2,0,0,0,0,0
earthquake,step 60 s,202,31126,31126,342.4,404.0,48.59,17466.1,86525.2,0,721,0,5249,137,2,470.2,2966.2,3174.8,392.5,425.6,3017.3,61738.6,86624.4,63325.8,0,0,0,0,0
earthquake,step 60 s,303,30889,30889,349.0,399.1,48.64,17297.3,86532.0,0,755,0,5216,105,2,408.8,3032.8,3214.5,460.2,489.3,3057.2,57614.4,86670.3,62392.2,0,0,0,0,0
earthquake,step 60 s,404,33075,33075,358.2,409.0,48.58,17563.7,86541.6,0,752,0,5401,151,4,548.6,3271.6,3367.8,1028.9,460.8,3105.7,65785.8,87203.5,62969.9,0,0,0,0,0
earthquake,scale-up step 5,101,23751,23751,345.5,390.3,48.11,16642.4,86387.0,0,703,0,5167,97,1,155.8,760.5,2961.8,29.9,407.7,2852.1,56740.1,86542.2,60492.6,0,0,0,0,0
earthquake,scale-up step 5,202,25272,25272,349.7,396.9,48.32,17217.9,86406.3,0,725,0,5249,137,2,477.4,2996.2,3204.8,415.0,430.7,3043.4,60897.7,86554.5,62383.2,0,0,0,0,0
earthquake,scale-up step 5,303,26136,26136,356.2,393.1,48.23,16951.7,86399.2,0,764,0,5216,105,2,414.0,3072.1,3244.5,482.7,493.9,3084.7,56934.8,86525.8,61086.1,0,0,0,0,0
earthquake,scale-up step 5,404,27079,27079,366.0,402.1,48.11,17361.9,86418.9,0,763,0,5401,151,4,558.9,3329.3,3412.8,1066.4,472.5,3163.3,64930.9,86564.8,62186.6,0,0,0,0,0
earthquake,scale-up step 20,101,23319,23319,348.1,387.6,48.14,16291.1,86380.0,0,699,0,5167,97,1,153.0,730.5,2916.8,29.9,398.9,2810.8,56296.4,86471.7,59230.8,0,0,0,0,0
earthquake,scale-up step 20,202,25086,25086,352.4,394.1,48.32,17033.1,86404.3,0,722,0,5249,137,2,470.1,2966.2,3174.8,392.5,424.9,3017.2,60514.0,86605.3,61725.0,0,0,0,0,0
earthquake,scale-up step 20,303,25567,25567,358.8,390.5,48.2,16724.1,86391.1,0,761,0,5216,105,2,407.1,3032.8,3214.5,460.2,484.7,3054.0,56457.1,86559.3,60270.4,0,0,0,0,0
earthquake,scale-up step 20,404,26542,26542,368.6,399.5,48.11,17205.0,86414.2,0,757,0,5401,151,4,547.2,3269.3,3352.8,1028.9,459.3,3092.5,64379.0,86608.2,61669.4,0,0,0,0,0
earthquake,scale-up cooldown 1 min,101,23735,23735,346.6,388.2,48.12,16626.3,86382.6,0,705,0,5167,97,1,156.2,745.5,2931.8,29.9,404.9,2834.2,56712.0,86600.8,60449.3,0,0,0,0,0
earthquake,scale-up cooldown 1 min,202,25200,25200,349.7,396.3,48.32,17330.8,86408.5,0,724,0,5249,137,2,473.3,2981.2,3189.8,400.0,427.8,3028.0,61164.7,86581.0,62815.1,0,0,0,0,0
earthquake,scale-up cooldown 1 min,303,26350,26350,352.5,395.1,48.2,17363.9,86414.9,0,761,0,5216,105,2,411.8,3047.8,3229.5,475.2,493.0,3066.4,57751.7,86563.4,62629.2,0,0,0,0,0
earthquake,scale-up cooldown 1 min,404,27185,27185,364.1,403.4,48.11,17615.2,86432.4,0,757,0,5401,151,4,547.8,3269.3,3352.8,1028.9,460.1,3092.5,66149.8,86623.2,63158.1,0,0,0,0,0
earthquake,scale-up cooldown 5 min,101,27542,27542,338.4,394.3,48.12,17522.9,86496.8,0,766,0,5167,97,1,175.7,925.5,3141.8,29.9,452.0,3029.2,58781.3,86683.4,63553.5,0,0,0,0,0
earthquake,scale-up cooldown 5 min,202,30281,30281,339.9,403.5,48.32,18932.7,86517.0,0,755,0,5249,137,2,533.0,3176.2,3399.8,617.5,475.0,3246.6,67096.5,86774.6,68647.3,0,0,0,0,0
earthquake,scale-up cooldown 5 min,303,30789,30789,344.7,399.7,48.21,18251.3,86513.9,0,816,0,5216,105,2,467.0,3282.1,3469.5,647.7,550.5,3295.1,60140.3,86628.0,65719.8,0,0,0,0,0
earthquake,scale-up cooldown 5 min,404,30986,30986,362.9,406.4,48.11,18498.9,86541.2,0,802,0,5401,151,4,579.0,3404.3,3472.8,1111.4,493.1,3229.4,72828.5,86856.9,66303.3,0,0,0,0,0
earthquake,local floor 0,101,23940,23940,352.8,382.9,48.17,16487.4,86396.8,0,698,0,5167,97,1,153.0,730.5,2916.8,29.9,398.8,2810.0,56380.9,86518.6,59953.1,0,0,0,0,0
earthquake,local floor 0,202,25872,25872,357.5,389.1,48.13,17240.0,86435.9,0,722,0,5249,137,2,470.0,2966.2,3174.8,392.5,425.0,3017.2,60732.7,86573.0,62480.4,0,0,0,0,0
earthquake,local floor 0,303,26175,26175,363.4,385.9,48.26,16949.3,86420.8,0,761,0,5216,105,2,407.1,3032.8,3214.5,460.2,488.7,3054.0,56913.3,86565.6,61096.9,0,0,0,0,0
earthquake,local floor 0,404,27015,27015,373.6,394.6,48.05,17333.6,86435.4,0,756,0,5401,151,4,545.2,3254.3,3352.8,1021.4,457.2,3082.0,64156.8,86608.2,62137.2,0,0,0,0,0
earthquake,local floor 12,101,19323,19323,340.8,400.2,33.37,10849.5,52923.3,0,700,0,5167,97,1,153.0,715.5,2901.8,29.9,398.2,2809.9,34547.4,53458.7,38850.5,0,0,0,0,0
earthquake,local floor 12,202,20214,20214,340.0,411.9,34.35,11673.7,55269.7,0,724,0,5249,137,2,469.4,2966.2,3174.8,392.5,416.5,3014.5,40985.1,55961.2,41759.4,0,0,0,0,0
earthquake,local floor 12,303,21024,21024,349.5,405.2,33.79,11069.0,53423.7,0,761,0,5216,105,2,407.8,3032.8,3214.5,460.2,481.7,3053.2,35845.0,53796.3,39243.4,0,0,0,0,0
earthquake,local floor 12,404,21127,21127,353.1,415.9,34.68,11745.9,55948.9,0,757,0,5401,151,4,544.7,3254.3,3352.8,1021.4,457.4,3082.0,43948.7,56541.0,41500.2,0,0,0,0,0
