day,intent,seed,sla_breaches,sla_breaches_as_submitted,cloud_hours,local_hours,drained_hours,mean_wait_s,p95_wait_s,jobs_reprioritised,overload_decisions,accepted_breach_cycles,events,exposing_events,exposing_high_events,ttl_exposing_mean_s,ttl_exposing_p95_s,ttl_exposing_max_s,ttl_exposing_high_mean_s,ttl_all_mean_s,ttl_all_p95_s,ttp_exposing_mean_s,ttp_exposing_p95_s,ttp_all_mean_s,exposing_ever_decayed,exposing_promoted,decayed_events,promoted_events,harmless_kept_events
workday,off,101,30,30,53.3,278.2,24.05,512.1,3832.7,0,0,0,2242,58,0,52.2,178.0,248.6,,48.3,135.0,1514.4,4691.0,1826.0,0,0,0,0,0
workday,off,202,16,16,50.3,277.7,24.0,364.7,2272.7,0,2,0,2165,54,0,44.7,129.5,136.2,,47.0,136.0,1268.6,2961.2,1255.2,0,0,0,0,0
workday,off,303,9,9,51.3,276.5,24.01,1136.2,8084.0,0,0,0,2206,70,0,42.0,126.0,142.7,,47.3,140.5,4024.1,8719.1,4074.1,0,0,0,0,0
workday,off,404,10,10,57.0,277.0,24.0,549.5,4193.0,0,0,0,2212,55,0,45.5,125.5,199.2,,50.2,135.5,2065.4,5020.4,1943.0,0,0,0,0,0
workday,decay,101,1387,4133,45.9,279.4,24.06,1035.3,7929.5,11926,0,84,2242,58,0,41.6,106.7,157.6,,40.8,90.7,485.4,2290.5,2308.2,10,0,1599,0,595
workday,decay,202,1263,3551,40.9,278.7,24.0,797.1,5338.2,11149,0,96,2165,54,0,37.5,75.0,99.5,,40.4,90.3,677.2,4367.5,1821.0,4,0,1548,0,567
workday,decay,303,1535,3833,45.5,278.4,24.01,1599.7,15950.9,11674,0,117,2206,70,0,36.0,58.9,97.7,,40.5,91.2,1744.7,17132.0,3493.1,12,0,1580,0,568
workday,decay,404,1555,3672,47.7,277.9,24.0,1129.3,8449.3,11550,0,131,2212,55,0,37.4,83.1,94.2,,41.6,96.5,939.0,2120.7,2538.1,7,0,1586,0,578
workday,"decay, oracle",101,2509,13138,38.0,281.2,24.32,1827.1,7394.7,25699,0,222,2242,58,0,33.6,54.1,76.5,,656.9,5494.9,114.5,294.2,2699.4,0,0,2091,0,93
workday,"decay, oracle",202,2214,11815,31.5,280.5,24.11,1649.8,6878.8,24815,0,196,2165,54,0,30.8,54.5,75.0,,558.3,4959.1,117.2,318.7,2467.6,0,0,2021,0,90
workday,"decay, oracle",303,2949,12100,36.9,282.2,24.59,2365.9,9749.5,24810,0,283,2206,70,0,31.7,52.3,59.2,,823.2,7848.7,127.1,352.3,3518.0,0,0,2039,0,97
workday,"decay, oracle",404,2678,12204,38.0,278.2,24.0,2064.0,8701.5,25139,0,217,2212,55,0,31.9,70.4,109.2,,771.9,6770.8,112.6,244.2,3050.0,0,0,2059,0,98
rock burst,off,101,6780,6780,125.9,306.0,48.08,7784.6,46445.2,0,210,0,2986,57,0,60.8,151.0,704.7,,144.6,1079.4,27012.4,71126,28586.0,0,0,0,0,0
rock burst,off,202,6682,6682,134.4,309.3,48.25,7616.4,48307.1,0,204,0,3086,75,0,104.7,659.3,1344.4,,128.9,986.4,32281.3,86545.1,27863.4,0,0,0,0,0
rock burst,off,303,6010,6010,145.8,305.9,46.65,6325.1,29144.9,0,195,0,3103,76,1,95.3,685.9,1051.4,1051.4,131.9,940.0,20947.3,72652.5,23134.7,0,0,0,0,0
rock burst,off,404,5881,5881,128.1,307.8,48.0,7226.9,38602.9,0,189,0,3001,63,0,69.8,177.7,576.0,,124.6,903.8,24118.8,67286.8,26431.4,0,0,0,0,0
rock burst,decay,101,7040,9949,129.8,301.4,32.78,5073.7,38409.7,18747,134,262,2986,57,0,55.8,159.6,689.7,,89.2,486.1,2716.6,37322.8,11612.8,5,0,2445,0,489
rock burst,decay,202,6122,9878,121.6,320.5,44.76,8044.8,57658.5,19442,138,206,3086,75,0,79.5,644.3,886.1,,87.8,456.1,5991.7,53957.9,17351.7,13,0,2571,0,453
rock burst,decay,303,6053,9843,120.7,325.1,43.11,8176.2,55482.1,19005,124,192,3103,76,1,77.7,209.1,886.4,886.4,99.5,731.6,5944.1,54017.4,18148.1,15,0,2536,0,506
rock burst,decay,404,6646,9767,118.1,316.0,39.4,7000.8,52729.6,20017,124,199,3001,63,0,52.2,110.1,569.6,,85.2,548.5,8110.5,48697.5,15964.1,12,0,2623,0,327
rock burst,"decay, oracle",101,4489,17133,97.5,330.4,40.35,9999.3,37424.5,32862,50,457,2986,57,0,37.1,69.6,254.7,,3731.0,31752.3,129.5,282.7,15500.5,0,0,2830,0,99
rock burst,"decay, oracle",202,4784,17442,106.1,333.6,44.8,10244.0,40483.5,33680,58,495,3086,75,0,35.3,73.8,254.3,,3647.6,32442.0,154.7,496.1,15756.2,0,0,2920,0,91
rock burst,"decay, oracle",303,4625,17891,103.7,338.8,48.16,11832.2,48002.2,33890,42,399,3103,76,1,40.0,112.4,220.1,181.4,4210.1,34083.4,166.6,526.4,18037.8,0,0,2918,0,109
rock burst,"decay, oracle",404,5375,17701,105.6,325.7,40.76,8932.5,30447.8,33822,49,490,3001,63,0,41.2,69.6,269.6,,3178.6,28642.3,159.1,396.8,13631.4,0,0,2854,0,84
earthquake,off,101,23046,23046,348.6,387.2,48.12,16257.6,86360.6,0,698,0,5167,97,1,153.0,730.5,2916.8,29.9,398.8,2810.0,56267.7,86529.9,59106.1,0,0,0,0,0
earthquake,off,202,24997,24997,351.2,395.3,48.31,17032.0,86401.6,0,722,0,5249,137,2,470.0,2966.2,3174.8,392.5,425.0,3017.2,60484.3,86543.9,61721.9,0,0,0,0,0
earthquake,off,303,25567,25567,358.8,390.5,48.2,16724.1,86391.1,0,761,0,5216,105,2,407.1,3032.8,3214.5,460.2,484.7,3054.0,56457.1,86559.3,60270.4,0,0,0,0,0
earthquake,off,404,26284,26284,369.2,398.9,48.11,17129.8,86409.8,0,756,0,5401,151,4,545.2,3254.3,3352.8,1021.4,457.2,3082.0,64092.2,86642.9,61401.4,0,0,0,0,0
earthquake,decay,101,18350,22395,345.1,388.6,48.06,16046.4,85343.8,37016,570,528,5167,97,1,53.4,176.0,906.8,29.9,151.0,981.2,7883.1,13213.4,40013.4,9,0,4695,0,384
earthquake,decay,202,20244,24725,348.9,396.8,48.2,18723.2,86474.5,36738,498,204,5249,137,2,198.4,1263.4,1357.5,400.0,166.4,1188.0,24601.4,85312.7,44790.9,24,0,4691,0,445
earthquake,decay,303,19528,24333,343.5,403.4,48.12,18451.5,86370.7,37560,499,380,5216,105,2,206.8,1706.1,2078.6,392.7,223.6,1609.1,10717.3,15885.6,42066.0,10,0,4794,0,327
earthquake,decay,404,21917,26077,382.8,383.3,47.74,17024.8,86199.7,38524,759,157,5401,151,4,330.5,2024.7,2362.8,717.6,277.1,2041.5,38394.8,86066.0,44993.3,25,0,4838,0,437
earthquake,"decay, oracle",101,11188,28160,301.9,429.7,48.12,22968.5,86371.1,51100,243,428,5167,97,1,30.7,44.9,229.4,29.9,7875.9,81828.0,159.6,528.4,38937.7,0,0,4979,0,91
earthquake,"decay, oracle",202,12516,29922,312.0,431.6,48.26,22768.8,86416.5,52706,264,366,5249,137,2,41.6,123.4,582.2,160.0,8564.8,86112.8,292.5,1187.2,38814.4,0,0,5009,0,103
earthquake,"decay, oracle",303,12789,30067,307.0,435.9,48.34,25241.2,86500.4,52117,156,310,5216,105,2,29.5,44.4,230.5,130.2,9467.3,86249.3,161.0,604.2,42996.6,0,0,5004,0,107
earthquake,"decay, oracle",404,14371,31601,322.2,441.3,48.15,22677.8,86437.4,55497,242,326,5401,151,4,34.5,54.3,255.6,76.4,8141.7,86055.8,566.9,1998.0,38131.9,0,0,5138,0,112
