shape,intent,seed,sla_breaches,sla_breaches_as_submitted,cloud_hours,local_hours,drained_hours,mean_wait_s,p95_wait_s,jobs_reprioritised,overload_decisions,accepted_breach_cycles,events,exposing_events,exposing_high_events,ttl_exposing_mean_s,ttl_exposing_p95_s,ttl_exposing_max_s,ttl_exposing_high_mean_s,ttl_all_mean_s,ttl_all_p95_s,ttp_exposing_mean_s,ttp_exposing_p95_s,ttp_all_mean_s,exposing_ever_decayed,exposing_promoted,decayed_events,promoted_events,harmless_kept_events
workday,off,101,56,56,195.3,236.3,24.01,194.4,983.0,0,9,0,2242,58,0,49.1,193.0,217.6,,49.2,157.4,522.4,1185.2,636.6,0,0,0,0,0
workday,off,202,39,39,152.7,237.9,24.26,272.4,1545.0,0,6,0,2165,54,0,48.3,151.2,174.5,,50.3,150.1,836.6,2670.0,910.0,0,0,0,0,0
workday,off,303,42,42,124.8,241.5,28.34,1067.5,6732.5,0,4,0,2206,70,0,48.9,147.9,163.3,,51.7,157.5,4285.3,10062.1,3825.3,0,0,0,0,0
workday,off,404,58,58,168.9,234.5,24.0,210.9,1059.2,0,12,0,2212,55,0,46.9,143.1,229.2,,51.1,147.5,621.8,1826.4,679.5,0,0,0,0,0
workday,"decay, restored exempt",101,1051,4713,180.7,240.4,24.01,551.2,2252.1,5220,9,286,2242,58,0,41.3,121.5,206.5,,40.4,90.3,1119.8,2735.9,1431.7,12,0,2058,0,138
workday,"decay, restored exempt",202,1091,4815,147.5,241.2,24.0,687.6,2741.5,5297,6,291,2165,54,0,36.9,75.0,99.5,,41.1,91.9,1694.7,3985.6,1768.6,4,0,1956,0,158
workday,"decay, restored exempt",303,1651,4562,164.9,248.8,26.1,1631.1,8703.2,5208,7,471,2206,70,0,37.5,77.4,103.3,,40.4,96.2,4521.0,9340.4,4376.5,12,0,1997,0,151
workday,"decay, restored exempt",404,849,5040,128.3,238.6,24.02,503.0,2166.7,5622,5,250,2212,55,0,39.0,113.1,124.2,,41.6,95.8,1268.7,2414.1,1290.1,12,0,2005,0,164
workday,decay to its own level,101,1765,5318,159.4,240.9,24.01,849.2,4315.1,13503,8,430,2242,58,0,43.9,158.6,202.6,,41.5,93.0,616.0,3385.3,1918.7,10,0,1904,0,290
workday,decay to its own level,202,1193,4599,149.8,240.6,24.0,611.9,3275.6,12404,6,325,2165,54,0,36.9,75.0,99.5,,40.8,91.2,461.9,2500.5,1423.9,9,0,1814,0,305
workday,decay to its own level,303,1580,4578,161.3,247.4,25.38,1174.5,8943.7,12493,7,436,2206,70,0,37.3,77.4,89.2,,40.3,96.1,1029.2,8790.4,2576.2,11,0,1860,0,287
workday,decay to its own level,404,2060,5641,94.4,245.0,24.04,1112.6,6860.2,14048,4,554,2212,55,0,42.3,113.1,124.2,,42.8,99.2,932.7,7237.2,2501.3,13,0,1890,0,280
workday,"both, exempt",101,2089,3663,303.1,236.5,24.02,245.8,1339.0,5918,29,358,2242,58,0,40.8,121.7,191.5,,39.3,98.8,415.6,1420.3,616.0,9,20,1901,274,292
workday,"both, exempt",202,1873,3550,276.5,236.3,24.0,244.8,1185.5,5694,14,364,2165,54,0,38.3,79.8,225.0,,39.1,89.8,481.1,1767.5,593.1,8,20,1837,257,281
workday,"both, exempt",303,2818,4289,229.6,236.0,24.0,439.1,2247.1,6845,11,546,2206,70,0,41.2,102.1,157.2,,41.2,102.1,828.0,3107.0,1058.2,11,23,1898,343,249
workday,"both, exempt",404,1795,3945,271.0,234.9,24.0,227.8,1079.6,6170,12,329,2212,55,0,31.4,69.0,109.2,,39.2,93.6,345.8,1040.7,553.7,8,15,1892,258,272
rock burst,off,101,6592,6592,287.8,240.4,24.0,2796.1,18070.8,0,219,0,2986,57,0,58.4,163.7,704.7,,144.3,1079.4,10282.6,22199.8,9968.6,0,0,0,0,0
rock burst,off,202,6207,6207,253.1,247.3,24.06,1741.9,11024.5,0,207,0,3086,75,0,108.1,689.3,1359.4,,129.7,987.1,6469.9,15406.8,6042.4,0,0,0,0,0
rock burst,off,303,6092,6092,246.4,246.6,24.0,1584.2,10053.8,0,202,0,3103,76,1,96.5,700.9,1066.4,1066.4,133.5,944.3,5087.5,14712.1,5449.6,0,0,0,0,0
rock burst,off,404,5764,5764,245.9,242.7,24.0,1241.9,8749.5,0,196,0,3001,63,0,67.7,177.7,584.6,,126.5,909.9,3845.7,11765.1,4152.7,0,0,0,0,0
rock burst,"decay, restored exempt",101,5313,9761,275.6,241.4,24.02,2975.1,15040.8,7524,105,486,2986,57,0,49.5,116.2,704.7,,85.6,486.1,8349.7,18245.8,8292.8,9,0,2791,0,147
rock burst,"decay, restored exempt",202,5284,10007,218.2,268.4,30.63,2615.3,13030.6,7775,119,536,3086,75,0,80.9,674.3,841.1,,82.0,337.4,8134.5,17440.5,7063.1,15,0,2841,0,185
rock burst,"decay, restored exempt",303,5625,10315,186.1,270.9,29.39,2730.5,14911.5,7750,110,563,3103,76,1,77.4,232.5,886.4,886.4,92.5,646.1,7051.6,15750.6,7575.1,15,0,2856,0,186
rock burst,"decay, restored exempt",404,6455,10479,186.5,272.6,37.9,4676.2,21354.1,8350,121,734,3001,63,0,49.6,99.6,569.6,,79.3,398.2,12655.3,21819.2,13582.5,11,0,2809,0,140
rock burst,decay to its own level,101,6025,9919,254.1,259.0,27.57,2774.7,17080.8,18451,114,641,2986,57,0,50.3,116.2,704.7,,86.4,486.1,2251.8,19916.4,6296.7,11,0,2695,0,245
rock burst,decay to its own level,202,5680,10133,196.7,269.4,30.28,2745.3,20452.9,19431,121,601,3086,75,0,76.3,614.3,796.1,,78.3,320.0,2587.9,24487.2,6197.7,17,0,2720,0,307
rock burst,decay to its own level,303,5664,10430,201.7,256.4,24.15,2030.4,13176.5,19081,111,530,3103,76,1,77.4,247.5,886.4,886.4,92.0,646.1,1393.4,7406.4,4587.9,11,0,2720,0,317
rock burst,decay to its own level,404,5743,10202,215.3,248.8,24.0,1138.0,6434.3,19030,126,493,3001,63,0,49.8,100.2,569.6,,79.3,398.2,832.7,5274.4,2519.0,11,0,2643,0,306
rock burst,"both, exempt",101,6348,9019,409.5,236.7,24.0,972.1,5256.2,8795,135,486,2986,57,0,43.2,74.8,704.7,,86.1,501.1,1037.6,5128.7,2306.3,8,21,2685,404,251
rock burst,"both, exempt",202,6865,8891,337.1,247.5,24.05,1057.0,6749.3,9651,151,533,3086,75,0,81.1,644.3,841.1,,81.4,395.0,1641.7,6194.8,2523.2,10,30,2695,527,326
rock burst,"both, exempt",303,7840,9742,291.3,250.6,24.0,870.3,4230.8,10190,143,685,3103,76,1,78.5,239.1,946.4,946.4,98.1,690.2,1427.9,5511.6,2064.9,10,35,2712,517,325
rock burst,"both, exempt",404,7394,9253,324.8,241.9,24.01,707.9,3779.3,10037,145,488,3001,63,0,51.2,114.2,584.6,,80.2,422.1,918.8,3374.3,1613.6,12,27,2690,530,260
earthquake,off,101,19545,19545,533.9,279.9,41.46,13419.8,80830.1,0,722,0,5167,97,1,153.6,730.5,2916.8,29.9,396.8,2812.7,46386.8,84474.7,48496.6,0,0,0,0,0
earthquake,off,202,20412,20412,523.8,288.4,47.99,14197.5,81875.4,0,754,0,5249,137,2,466.5,2966.2,3189.8,392.5,419.1,3021.1,49916.8,86093.0,51169.2,0,0,0,0,0
earthquake,off,303,21223,21223,537.6,278.7,42.64,12986.6,80321.6,0,788,0,5216,105,2,403.5,3032.8,3214.5,460.2,475.4,3057.1,45905.1,85895.5,46374.3,0,0,0,0,0
earthquake,off,404,21464,21464,498.6,293.9,46.5,14564.2,82658.3,0,799,0,5401,151,4,547.4,3284.3,3382.8,1040.1,461.3,3120.7,55546.2,85626.0,51918.8,0,0,0,0,0
earthquake,"decay, restored exempt",101,14439,19834,511.5,300.0,45.4,13586.9,78939.0,13786,404,586,5167,97,1,45.7,165.5,431.5,29.9,112.5,762.0,36114.8,80600.5,40758.2,8,0,4878,0,200
earthquake,"decay, restored exempt",202,14508,21337,526.2,297.5,46.08,17293.7,83184.8,14160,449,607,5249,137,2,174.3,1218.4,1267.5,400.0,158.8,1099.4,49815.8,86229.9,51658.6,24,0,4818,0,318
earthquake,"decay, restored exempt",303,12059,20476,521.6,289.9,46.57,16786.9,81775.7,13769,397,456,5216,105,2,152.4,1208.6,1291.3,400.2,162.9,1172.8,47437.5,86049.6,48814.5,14,0,4904,0,221
earthquake,"decay, restored exempt",404,19208,24666,505.8,303.1,46.87,15916.6,82887.6,15583,602,619,5401,151,4,305.8,1919.7,2197.8,695.1,248.9,1856.4,53261.7,85619.8,49221.9,21,0,4939,0,332
earthquake,decay to its own level,101,15037,19608,513.1,298.4,46.52,10769.4,72742.1,33683,437,556,5167,97,1,45.7,150.5,476.5,29.9,112.7,765.3,2394.3,5669.9,28244.4,7,0,4785,0,291
earthquake,decay to its own level,202,14518,20979,534.7,288.8,38.97,13013.3,80345.9,35363,439,593,5249,137,2,175.7,1218.4,1282.5,400.0,143.8,1103.2,6784.5,41625.2,30682.1,21,0,4752,0,381
earthquake,decay to its own level,303,12491,20500,526.9,281.8,40.45,14528.7,82190.2,35267,410,486,5216,105,2,153.4,1223.6,1306.3,400.2,156.6,1196.6,4357.3,8608.3,34140.1,14,0,4817,0,308
earthquake,decay to its own level,404,19037,24520,506.7,302.0,44.9,12860.9,82573.0,38833,599,629,5401,151,4,307.6,1934.7,2197.8,702.6,249.7,1884,15079.8,71245.5,32667.2,21,0,4919,0,352
earthquake,"both, exempt",101,23094,21961,557.1,263.9,24.6,5725.9,28571.3,21595,562,864,5167,97,1,58.0,178.7,611.5,29.9,133.6,847.1,7934.0,29933.6,14691.5,10,57,4775,1456,305
earthquake,"both, exempt",202,21490,21583,562.2,261.9,24.04,4694.2,22266.6,20712,515,800,5249,137,2,216.9,1353.4,1447.5,407.5,174.8,1290.4,8315.2,23063.0,11315.4,22,67,4674,1376,460
earthquake,"both, exempt",303,18730,21825,564.6,257.5,24.0,6299.4,28199.5,19403,475,820,5216,105,2,176.1,1358.6,1492.6,445.2,192.7,1370.1,8432.1,28621.4,15312.3,11,50,4779,1072,343
earthquake,"both, exempt",404,29527,25789,580.7,266.8,24.26,4304.9,23956.3,25163,787,842,5401,151,4,429.9,2571.6,3187.3,785.1,366.7,2624.2,7601.8,24109.3,10427.5,26,82,4731,1803,545
