jitter,day,intent,seed,sla_breaches,sla_breaches_as_submitted,cloud_hours,local_hours,drained_hours,mean_wait_s,p95_wait_s,jobs_reprioritised,overload_decisions,accepted_breach_cycles,events,exposing_events,exposing_high_events,ttl_exposing_mean_s,ttl_exposing_p95_s,ttl_exposing_max_s,ttl_exposing_high_mean_s,ttl_all_mean_s,ttl_all_p95_s,ttp_exposing_mean_s,ttp_exposing_p95_s,ttp_all_mean_s,exposing_ever_decayed,exposing_promoted,decayed_events,promoted_events,harmless_kept_events,moderate.covered_share,moderate.false_share,moderate.mean_closed_share,moderate.peak_closed_share,moderate.complete_p50_s,moderate.complete_p95_s,moderate.never_complete,moderate wide.covered_share,moderate wide.false_share,moderate wide.mean_closed_share,moderate wide.peak_closed_share,moderate wide.complete_p50_s,moderate wide.complete_p95_s,moderate wide.never_complete,high.covered_share,high.false_share,high.mean_closed_share,high.peak_closed_share,high.complete_p50_s,high.complete_p95_s,high.never_complete,high wide.covered_share,high wide.false_share,high wide.mean_closed_share,high wide.peak_closed_share,high wide.complete_p50_s,high wide.complete_p95_s,high wide.never_complete
jitter 5 ms,workday,off,101,30,30,53.3,278.2,24.05,512.1,3832.7,0,0,0,2242,58,0,52.2,178.0,248.6,,48.3,135.0,1514.4,4691.0,1826.0,0,0,0,0,0,0.8869023883857795,0.6411373616198894,0.25223700532566745,0.5999573023974674,35.024,971.578,107,0.9942081525545644,0.8799629684362086,0.8453241878836052,0.9906114972961314,0,40.802,1,0.7344603121126734,0.9950899680864169,0.049497114399683684,0.09710379513540554,40.802,1057.458,3,0.9484908678186887,0.9995525078065768,0.7013641341454717,0.9156557993188156,0,1113.56,0
jitter 5 ms,workday,off,202,16,16,50.3,277.7,24.0,364.7,2272.7,0,2,0,2165,54,0,44.7,129.5,136.2,,47.0,136.0,1268.6,2961.2,1255.2,0,0,0,0,0,0.9075670472122396,0.6432257471091068,0.23579977363228688,0.5040310371573014,36.542,1114.498,68,0.9964492141332507,0.8907420015081662,0.8453958257079065,0.9952714928897742,0,41.619,0,0.7076365468768957,0.9965125436331171,0.05036289557061216,0.08219139437901585,39.397,947.797,2,0.9711840415476297,0.9996532951214876,0.695265699759071,0.8888499194589079,0,67.302,0
jitter 5 ms,workday,off,303,9,9,51.3,276.5,24.01,1136.2,8084.0,0,0,0,2206,70,0,42.0,126.0,142.7,,47.3,140.5,4024.1,8719.1,4074.1,0,0,0,0,0,0.8891278684998561,0.6058171541888364,0.272449488740256,0.7462856860562,32.847,936.765,113,0.9921026414606084,0.8592509455411717,0.8513940582617636,0.9912874995187727,0,42.123,2,0.6204504800092289,0.9970642030692357,0.049050274806288784,0.108585674699973,43.797,352.93,5,0.9982262882423009,0.9996647348637625,0.691036426399599,0.9163813185337695,0,53.604,0
jitter 5 ms,workday,off,404,10,10,57.0,277.0,24.0,549.5,4193.0,0,0,0,2212,55,0,45.5,125.5,199.2,,50.2,135.5,2065.4,5020.4,1943.0,0,0,0,0,0,0.8749045800118531,0.6727782348482895,0.23146110817088386,0.5142219440604399,32.648,670.972,108,0.9948806855471529,0.897177993827439,0.837615002835476,0.9884779392461592,0,42.235,0,0.6773781613905883,0.9963430682393547,0.05040478534137301,0.11763624432839857,47.86,772.42,4,0.9867158358012041,0.9996104434404902,0.6892535500868249,0.8978009757554756,0,123.807,0
jitter 5 ms,workday,decay,101,1387,4133,45.9,279.4,24.06,1035.3,7929.5,11926,0,84,2242,58,0,41.6,106.7,157.6,,40.8,90.7,485.4,2290.5,2308.2,10,0,1599,0,595,0.9003328290438697,0.6276084471993867,0.24675416284708898,0.5471676295910466,36.541,831.849,79,0.994606516104999,0.879316861063013,0.8411354281177212,0.9993236482800393,0,39.256,1,0.820577040641695,0.9947137000260099,0.05136454208349895,0.09560276616164606,40.802,1132.44,2,0.9536218686321847,0.9995451390717894,0.6937347216290902,0.9135990642434801,0,1113.56,0
jitter 5 ms,workday,decay,202,1263,3551,40.9,278.7,24.0,797.1,5338.2,11149,0,96,2165,54,0,37.5,75.0,99.5,,40.4,90.3,677.2,4367.5,1821.0,4,0,1548,0,567,0.9326186555824174,0.6336030653360056,0.23594481471600134,0.5319316413610874,36.884,785.313,61,0.9970255600327448,0.8900941682012037,0.8408987853488922,0.991988291396543,0,40.076,0,0.8959256518287844,0.9958059672991358,0.053021178754485504,0.0871220583603363,39.397,388.976,1,0.9974689551847665,0.9996395225184668,0.6868002857805334,0.8838822896394296,0,67.302,0
jitter 5 ms,workday,decay,303,1535,3833,45.5,278.4,24.01,1599.7,15950.9,11674,0,117,2206,70,0,36.0,58.9,97.7,,40.5,91.2,1744.7,17132.0,3493.1,12,0,1580,0,568,0.9242094595563918,0.5894901745703511,0.2719357764604053,0.8221482655163909,33.424,833.952,64,0.9958202881600374,0.8589908049077245,0.8530078571248954,0.9952609708967212,0,37.356,1,0.9510590755135314,0.9957686012088902,0.05216555936719595,0.10127373069037887,41.835,638.604,0,0.9977299507233566,0.9996655840372508,0.6924466874366206,0.9246073026926014,0,68.604,0
jitter 5 ms,workday,decay,404,1555,3672,47.7,277.9,24.0,1129.3,8449.3,11550,0,131,2212,55,0,37.4,83.1,94.2,,41.6,96.5,939.0,2120.7,2538.1,7,0,1586,0,578,0.9116613164111641,0.6606311521189122,0.2325525329943525,0.45326835697113976,34.245,774.829,71,0.9961329238582552,0.8972291554709174,0.8390868021613694,0.9872256242173758,0,38.965,0,0.7966479767029614,0.9958552157776619,0.05230244198063597,0.10311512382414766,67.42,521.446,2,0.9904047781509813,0.9996093991590332,0.6899807714943105,0.8906128905290499,0,93.807,0
jitter 5 ms,earthquake,off,101,23046,23046,348.6,387.2,48.12,16257.6,86360.6,0,698,0,5167,97,1,153.0,730.5,2916.8,29.9,398.8,2810.0,56267.7,86529.9,59106.1,0,0,0,0,0,0.92366873521836,0.4556323780941552,0.32739548033637156,1.0000000000000133,0,319.375,114,0.9954423455717035,0.7723562308504495,0.8437408302713955,0.9999999999999951,0,20.596,3,0.9752335489665207,0.7973281512762976,0.06947277482418238,0.7278663739360466,18.36,457.956,7,0.9975237063027395,0.979210574773008,0.6927558224983437,0.9783402675908419,0,29.937,0
jitter 5 ms,earthquake,off,202,24997,24997,351.2,395.3,48.31,17032.0,86401.6,0,722,0,5249,137,2,470.0,2966.2,3174.8,392.5,425.0,3017.2,60484.3,86543.9,61721.9,0,0,0,0,0,0.8097114626864345,0.4461242748849832,0.3042570178671891,0.9999999999999998,0,420.25,156,0.9878497598732052,0.7565578404758619,0.844535199258982,0.9999999999999902,0,20.949,1,0.6360298845189714,0.8850006901303852,0.06073717822971657,0.6217619458097986,0,763.584,6,0.9644610377749464,0.9844770060934405,0.6823096666554913,0.9414476955213021,0,47.455,0
jitter 5 ms,earthquake,off,303,25567,25567,358.8,390.5,48.2,16724.1,86391.1,0,761,0,5216,105,2,407.1,3032.8,3214.5,460.2,484.7,3054.0,56457.1,86559.3,60270.4,0,0,0,0,0,0.8267899468534485,0.42907944630356615,0.30731749344118553,1.0000000000000073,0,370.338,143,0.9863871666987208,0.7480643991623781,0.8308557789977676,1.0000000000000162,0,19.173,3,0.9780161598220553,0.7977042557317705,0.06813668141296621,0.8573614523740714,18.326,342.421,4,0.9973803948690332,0.9791736361173378,0.674946062827042,0.9979820816580475,0,52.569,0
jitter 5 ms,earthquake,off,404,26284,26284,369.2,398.9,48.11,17129.8,86409.8,0,756,0,5401,151,4,545.2,3254.3,3352.8,1021.4,457.2,3082.0,64092.2,86642.9,61401.4,0,0,0,0,0,0.8620027347114685,0.4411593300781282,0.35344498134021524,1.0000000000000024,0,386.966,124,0.9868780294903705,0.7416389096276266,0.8752609488001585,1.0000000000000273,0,3.525,2,0.6307051108555055,0.8516064275556672,0.06915665992315154,0.870409367608175,0,670.518,6,0.8817024391541777,0.9800414546357271,0.7188129729945496,0.9946547585253146,0,52.067,0
jitter 5 ms,earthquake,decay,101,18350,22395,345.1,388.6,48.06,16046.4,85343.8,37016,570,528,5167,97,1,53.4,176.0,906.8,29.9,151.0,981.2,7883.1,13213.4,40013.4,9,0,4695,0,384,0.9409997517717088,0.4568244515499595,0.3342704758121504,1.0000000000000127,0,255.142,75,0.9963529268278278,0.7741316949941928,0.851151032591614,0.9999999999999953,0,16.903,1,0.9766891648596562,0.808889966745359,0.07378572063498094,0.7271711794429827,0,566.674,5,0.9975139006347359,0.9795936009617024,0.7057518464480047,0.9689233153283964,0,29.937,0
jitter 5 ms,earthquake,decay,202,20244,24725,348.9,396.8,48.2,18723.2,86474.5,36738,498,204,5249,137,2,198.4,1263.4,1357.5,400.0,166.4,1188.0,24601.4,85312.7,44790.9,24,0,4691,0,445,0.8521164850574084,0.44299311143571524,0.31839119542614047,1.0000000000000007,0,344.83,124,0.9950985039563599,0.7565365175706693,0.8506578067938904,0.9999999999999987,0,16.429,3,0.6354983473687349,0.8894896688726592,0.0631515288226286,0.6384587586272743,0,291.586,6,0.9674649108214535,0.9846118139235625,0.6904307360513763,0.9492269125915894,0,47.455,0
jitter 5 ms,earthquake,decay,303,19528,24333,343.5,403.4,48.12,18451.5,86370.7,37560,499,380,5216,105,2,206.8,1706.1,2078.6,392.7,223.6,1609.1,10717.3,15885.6,42066.0,10,0,4794,0,327,0.8482982196389217,0.4319971678538819,0.3169318076566268,1.0000000000000044,0,324.748,102,0.9863209090305471,0.7497471768690611,0.8363865257156945,1.0000000000000164,0,5.434,4,0.9801746832882677,0.8039527140481383,0.07046352088110833,0.8554152822398327,18.326,237.421,3,0.9972529859107586,0.9794612675913107,0.6843108121800109,0.9979820816580475,0,52.569,0
jitter 5 ms,earthquake,decay,404,21917,26077,382.8,383.3,47.74,17024.8,86199.7,38524,759,157,5401,151,4,330.5,2024.7,2362.8,717.6,277.1,2041.5,38394.8,86066.0,44993.3,25,0,4838,0,437,0.8835842471875264,0.43732934709120364,0.359827938363794,1.0000000000000007,0,388.788,94,0.9888965368040662,0.7429559574609862,0.881545014267637,1.0000000000000222,0,0,1,0.6168166274418061,0.8592266790475999,0.0712949003221114,0.8569593182169103,0,779.999,4,0.8778588196078916,0.9802534953421771,0.7233645052176461,0.993345353734538,0,55.317,0
jitter 20 ms,workday,off,101,30,30,53.3,278.2,24.05,512.1,3832.7,0,0,0,2242,58,0,52.2,178.0,248.6,,48.3,135.0,1514.4,4691.0,1826.0,0,0,0,0,0,0.6400724931051238,0.674850273870111,0.20091251695176218,0.7088115301389132,125.787,1486.986,416,0.9836436486106795,0.8771339273559389,0.8170846250735783,0.9986539095263705,0,70.344,6,0.2172963983903624,0.9974206170038697,0.027876134969859214,0.06790945272620175,148.361,469.737,15,0.9427923154258256,0.9995191549489205,0.6487938828023055,0.8755851873095908,0,1113.56,0
jitter 20 ms,workday,off,202,16,16,50.3,277.7,24.0,364.7,2272.7,0,2,0,2165,54,0,44.7,129.5,136.2,,47.0,136.0,1268.6,2961.2,1255.2,0,0,0,0,0,0.6051057047621533,0.6976252824857617,0.18550001206136557,0.4429237555374387,137.17,1625.176,394,0.984950180668842,0.8889833688184646,0.8224024400875661,0.985172337215529,0,227.627,4,0.24230378581786616,0.9978814832196491,0.02838817743540858,0.06214342868171802,473.887,1087.302,7,0.9506426917096645,0.9996390085599013,0.6536264668860037,0.882574022718311,0,932.797,0
jitter 20 ms,workday,off,303,9,9,51.3,276.5,24.01,1136.2,8084.0,0,0,0,2206,70,0,42.0,126.0,142.7,,47.3,140.5,4024.1,8719.1,4074.1,0,0,0,0,0,0.6245540135769808,0.6512479033603175,0.2163080446391288,0.609481499812187,71.894,1452.328,445,0.9798002708284277,0.8577542467987198,0.8319892999369184,0.9925247360468428,0,132.929,4,0.14742055830400325,0.9987377622554979,0.027106735684620527,0.06287053455566675,352.93,352.93,10,0.8653978086109765,0.9996909263746157,0.6498515764985479,0.8728221486433638,0,322.263,1
jitter 20 ms,workday,off,404,10,10,57.0,277.0,24.0,549.5,4193.0,0,0,0,2212,55,0,45.5,125.5,199.2,,50.2,135.5,2065.4,5020.4,1943.0,0,0,0,0,0,0.6139527478882875,0.7192101614634554,0.18928364107309745,0.5289088446144936,113.246,1482.638,404,0.9795318305128387,0.8956640603215537,0.8127259794861588,0.9867621269443364,0,173.65,6,0.1332306688721141,0.9986681752817802,0.027221657926140317,0.061433128285820135,24.395,723.678,13,0.8408770214332392,0.9996457035867163,0.6458373595918324,0.8840654449772233,0,1226.328,1
jitter 20 ms,workday,decay,101,903,4571,45.2,279.1,24.06,1116.5,8318.2,12640,0,37,2242,58,0,39.8,106.7,157.6,,39.1,82.9,840.7,4355.9,2567.8,21,0,1744,0,461,0.6938579348105343,0.6331401924935802,0.19303303911284914,0.6086203762989026,72.282,1430.874,397,0.9866456489124306,0.8760243155512965,0.8122428804608264,0.9904999642580359,0,109.987,2,0.30191116142129004,0.9961236576530861,0.025772283868900552,0.06828706205007493,73.361,789.492,13,0.944239660928262,0.9995098383296589,0.6374391802775068,0.8963743100046275,0,303.56,0
jitter 20 ms,workday,decay,202,747,3785,39.4,279.1,24.0,884.0,6290.6,11730,0,50,2165,54,0,34.7,61.6,75.0,,39.4,80.0,1176.6,8345.7,2082.4,18,0,1675,0,454,0.6689796185057838,0.6545798550733483,0.17952436321954326,0.4156928881757804,97.961,1339.661,391,0.9859556577944599,0.8876935040269527,0.8137868667687765,0.989212565203077,0,101.825,3,0.3334583808454902,0.9968743702420695,0.026479716049348855,0.05259340673580315,203.887,1206.895,7,0.9650613718977592,0.9996270032160992,0.6421833851064442,0.8513989060432148,0,510.929,0
jitter 20 ms,workday,decay,303,887,4065,44.4,279.0,24.03,1709.0,13350.2,11863,0,49,2206,70,0,34.5,58.9,74.2,,38.1,80.3,2005.3,14392.8,3939.6,25,0,1697,0,464,0.7078824602797009,0.6052461024163682,0.21659788918082937,0.7198990896632234,108.424,1363.392,353,0.9799458846209985,0.856204002698664,0.8231420559065588,0.9865472110536533,0,107.186,5,0.36278396868232804,0.9968255739643161,0.02652425577097383,0.057196430008351326,44.518,429.799,7,0.9391145819133057,0.9996593449527768,0.6398292471625973,0.8886185632081091,0,68.604,0
jitter 20 ms,workday,decay,404,1097,4185,46.7,276.9,24.0,1275.0,10448.9,12264,0,71,2212,55,0,36.5,83.7,113.1,,40.5,87.8,1822.6,11194.2,2887.6,27,0,1749,0,435,0.6718126651065247,0.6799357959817309,0.1817065583893687,0.4875253420838456,109.884,1528.281,373,0.9821571213913327,0.8941379647673725,0.8031566357385787,0.9905855963912223,0,140.22,8,0.13180431484164631,0.9986385236445424,0.026343711368886497,0.05632741728098852,708.678,1127.774,12,0.9634954942655252,0.999588536061179,0.6371993790251972,0.8991658123809482,0,764.655,0
jitter 20 ms,earthquake,off,101,23046,23046,348.6,387.2,48.12,16257.6,86360.6,0,698,0,5167,97,1,153.0,730.5,2916.8,29.9,398.8,2810.0,56267.7,86529.9,59106.1,0,0,0,0,0,0.8188087490602403,0.4839505648168225,0.30615396593458777,1.0000000000000098,0,961.303,353,0.9902112459032162,0.7700823038106711,0.8310060344140828,0.9999999999999931,0,28.844,7,0.9670389345864084,0.7468964676785438,0.05516265936095745,0.7361237162309481,29.937,569.673,11,0.9944313016973606,0.9785067545119458,0.6679934877023049,0.9716147304540582,0,29.937,0
jitter 20 ms,earthquake,off,202,24997,24997,351.2,395.3,48.31,17032.0,86401.6,0,722,0,5249,137,2,470.0,2966.2,3174.8,392.5,425.0,3017.2,60484.3,86543.9,61721.9,0,0,0,0,0,0.7190900033728792,0.46410343268415466,0.2792704112864494,1.000000000000003,0,988.219,392,0.9837414310398822,0.7499183947938973,0.8186944807451103,1.0000000000000073,0,26.17,10,0.5823093284097691,0.8540888057576256,0.04382656758476949,0.4941797872658961,0,1032.512,19,0.9623421207451432,0.9836645430965295,0.6469497242679555,0.9550952870947323,0,47.455,0
jitter 20 ms,earthquake,off,303,25567,25567,358.8,390.5,48.2,16724.1,86391.1,0,761,0,5216,105,2,407.1,3032.8,3214.5,460.2,484.7,3054.0,56457.1,86559.3,60270.4,0,0,0,0,0,0.7219059983935358,0.4509336270313361,0.27901244648623214,1.000000000000003,0,956.65,385,0.9801214504859865,0.7443311887889525,0.8135231488179803,0.9999999999999992,0,27.017,10,0.8872688255335534,0.783222573654216,0.057684995107921334,0.9324115851924841,0,1282.13,13,0.9928021130019851,0.9787120058312603,0.6572788285370522,1.0000000000000062,0,382.569,0
jitter 20 ms,earthquake,off,404,26284,26284,369.2,398.9,48.11,17129.8,86409.8,0,756,0,5401,151,4,545.2,3254.3,3352.8,1021.4,457.2,3082.0,64092.2,86642.9,61401.4,0,0,0,0,0,0.7832298679342289,0.45298104414244056,0.3280862614536308,1,0,893.554,352,0.9857020039178426,0.7391333712896997,0.8658213568397286,1.0000000000000324,0,19.759,9,0.5676300499182017,0.8208289235527705,0.05154899771177827,0.7136532408543412,0,476.21,17,0.8938991639369155,0.9789098417700308,0.6896542911911657,0.957422408467566,0,232.067,1
jitter 20 ms,earthquake,decay,101,17461,23215,337.1,396.8,47.98,17484.9,86265.2,37374,485,268,5167,97,1,51.7,150.0,936.8,29.9,149.7,1048.7,15347.4,85627.5,42200.6,35,0,4790,0,314,0.8385880940948882,0.4798106638743063,0.31105412818867323,1.0000000000000326,0,1008.887,299,0.993123288973501,0.7703030570461593,0.8342508798537076,0.9999999999999992,0,25.808,1,0.9646947975030259,0.7613154437796074,0.05835325124422848,0.7361237162309477,0,1039.944,10,0.996586871624097,0.9785011357628114,0.6692664985057883,0.9722873699013773,0,32.284,0
jitter 20 ms,earthquake,decay,202,19598,25421,330.8,414.9,48.11,20791.0,86566.5,37602,375,132,5249,137,2,177.0,1278.4,1372.5,392.5,152.7,1195.3,23294.2,86404.2,46328.1,60,0,4845,0,327,0.7650497343283866,0.4472790989606568,0.2880755697394954,1.000000000000002,0,1118.043,363,0.9828423261214573,0.7514728929653114,0.8230623485624039,1.0000000000000098,0,27.799,15,0.4290257304639035,0.8922310426928926,0.04371817074688315,0.32715838250075824,0,929.117,16,0.9474249395731486,0.9840470597800424,0.6521933982689819,0.8929615022545264,0,47.455,0
jitter 20 ms,earthquake,decay,303,19970,25561,335.7,411.2,48.43,20806.1,86592.9,37731,391,172,5216,105,2,175.4,1354.5,1622.8,385.2,185.2,1406.5,15281.7,86333.4,45880.0,40,0,4830,0,321,0.8069495970895445,0.42581064579392647,0.2982352998139716,1.0000000000000036,0,956.928,329,0.9857735114705017,0.7448909327288034,0.820009762000112,1.000000000000014,0,21.361,8,0.898906791581376,0.7865579637834527,0.05935487567235076,0.9351773045989429,0,1282.13,13,0.9940568785338244,0.9788367070335862,0.6619873402862138,1.0000000000000049,0,382.569,0
jitter 20 ms,earthquake,decay,404,22409,27138,359.8,405.9,47.95,19862.6,86505.4,39760,464,130,5401,151,4,265.5,1604.7,1979.4,612.6,218.4,1731.2,37394.8,86512.6,47327.4,63,0,5016,0,297,0.7889759883752167,0.4654796668866506,0.3382211299237474,1,0,893.972,325,0.9876176029671512,0.7413287886363393,0.8748667386362473,1.00000000000002,0,19.409,3,0.5498289431243296,0.835002254163342,0.054221600929801446,0.714209428191338,0,1353.947,18,0.888437949709989,0.9795117573841027,0.70557818156418,0.9614566408956491,0,55.317,0
jitter 50 ms,workday,off,101,30,30,53.3,278.2,24.05,512.1,3832.7,0,0,0,2242,58,0,52.2,178.0,248.6,,48.3,135.0,1514.4,4691.0,1826.0,0,0,0,0,0,0.36149275823386257,0.7555135156529206,0.1509058128271659,0.5252267246443463,121.716,1588.527,670,0.9113232936122321,0.8782999909774076,0.7642634379359073,0.9816141512738423,0,784.124,29,0.028476268297125,0.999485891567691,0.0183283855525222,0.05597221383869432,,,18,0.6841015354867074,0.9995961421406406,0.5605158389061243,0.8686479716941076,0,1622.664,2
jitter 50 ms,workday,off,202,16,16,50.3,277.7,24.0,364.7,2272.7,0,2,0,2165,54,0,44.7,129.5,136.2,,47.0,136.0,1268.6,2961.2,1255.2,0,0,0,0,0,0.37613610401749265,0.7449757991813342,0.13671677240947142,0.36559041832521855,214.06,1677.363,680,0.9111595847141544,0.8863010714605615,0.7428416507149751,0.9521581587112583,0,699.788,25,0.22477377264964343,0.9969441586087252,0.01825677425172271,0.056037010482991374,39.397,1575.929,8,0.908478330680671,0.999586455888147,0.5452578802468286,0.7978071187945376,0,1290.206,0
jitter 50 ms,workday,off,303,9,9,51.3,276.5,24.01,1136.2,8084.0,0,0,0,2206,70,0,42.0,126.0,142.7,,47.3,140.5,4024.1,8719.1,4074.1,0,0,0,0,0,0.4170169008231662,0.7166211957453005,0.17774843595958556,0.7510126566855841,181.838,1621.36,659,0.925625356985806,0.8554316571018123,0.7733596969346217,0.9898533983345329,0,659.736,44,0.046169282072633516,0.9994208242856892,0.018501336857508276,0.04751662662397592,0,0,10,0.776680244377407,0.9996770188601194,0.5581172269683211,0.8445530765786439,0,41.835,2
jitter 50 ms,workday,off,404,10,10,57.0,277.0,24.0,549.5,4193.0,0,0,0,2212,55,0,45.5,125.5,199.2,,50.2,135.5,2065.4,5020.4,1943.0,0,0,0,0,0,0.3282307275116867,0.796628653093383,0.13971691623797597,0.4119208768586914,215.858,1562.311,648,0.9083152325314037,0.8939304512078807,0.741319453838155,0.9638932189974531,0,643.487,27,0,1,0.0179519126364963,0.043704631611754224,,,17,0.7753904530501794,0.9996156638969389,0.5489928674831209,0.8175612267092368,0,1596.41,1
jitter 50 ms,workday,decay,101,730,4677,44.4,278.1,24.03,1268.5,8414.4,13103,0,28,2242,58,0,37.7,69.1,142.6,,38.6,78.4,1384.6,8990.9,3000.3,31,0,1872,0,343,0.39452538597249726,0.7096397412575554,0.13867526408857075,0.5110381905860105,145.153,1601.067,658,0.9120236249930724,0.8731508201747653,0.7338032786082223,0.9784245746000229,0,806.663,29,0,1,0.015350952027331874,0.04709873120522982,,,18,0.8132220930948011,0.9994875159102534,0.5250789942303855,0.8420753334053714,0,271.753,2
jitter 50 ms,workday,decay,202,537,4184,39.0,277.9,24.0,968.6,6560.1,12556,0,19,2165,54,0,36.1,68.1,99.5,,38.8,78.1,1636.1,7793.3,2364.3,35,0,1846,0,300,0.43122922162625427,0.7042003042647336,0.13513524397398408,0.41918740981319014,220.297,1644.755,660,0.9177028342479924,0.8827992737129989,0.7258216870430845,0.954905917082453,0,671.522,30,0.008885033518237656,0.999860519929154,0.015810883215464266,0.04396654256206345,36.181,1575.929,9,0.9709836513156844,0.9995390996396034,0.5228945190092985,0.7808048519996527,0,144.064,0
jitter 50 ms,workday,decay,303,726,4323,43.6,279.5,24.27,1856.7,12972.2,12597,0,37,2206,70,0,33.9,51.0,87.9,,37.6,76.2,2530.9,12331.5,4345.7,42,0,1826,0,352,0.47283801050494345,0.6685875137644215,0.17233084184723169,0.7401431891937706,244.098,1663.535,577,0.931953395582192,0.8509690969231875,0.7553310829664032,0.9979941302577715,0,599.228,30,0.08987594451141095,0.9987164733705647,0.016251704463182654,0.040304367813352684,74.518,74.518,10,0.8541516025305844,0.9996327038584473,0.5397329425849545,0.8195018606117341,0,654.799,0
jitter 50 ms,workday,decay,404,695,4429,45.2,276.6,24.0,1406.9,10370.0,12896,0,45,2212,55,0,36.8,94.2,143.1,,39.5,83.3,2245.6,10949.8,3238.5,31,0,1881,0,307,0.35760967381412323,0.7658116194766101,0.13219147128606706,0.4461478890209143,266.4,1598.018,627,0.912326503711651,0.8914720180181618,0.7277263243034203,0.9531706313464667,0,552.356,29,0.047701701737800146,0.9991536458481961,0.01533695624579296,0.04610918149020526,127.42,127.42,16,0.8093814541807034,0.9995876413529498,0.5341159876832992,0.8087773008852619,0,1596.41,0
jitter 50 ms,earthquake,off,101,23046,23046,348.6,387.2,48.12,16257.6,86360.6,0,698,0,5167,97,1,153.0,730.5,2916.8,29.9,398.8,2810.0,56267.7,86529.9,59106.1,0,0,0,0,0,0.6940093624326806,0.5089954838323542,0.27272726974644645,1.0000000000000109,0,1106.732,524,0.9719459990982185,0.7637410955731028,0.7937846070530584,1.0000000000000107,0,171.57,17,0.7829901108532566,0.733214354414755,0.04237339483347678,0.597401623956583,0,592.956,19,0.9887434603805806,0.9762362912586985,0.600715509283455,0.9336615701182006,0,1325.795,0
jitter 50 ms,earthquake,off,202,24997,24997,351.2,395.3,48.31,17032.0,86401.6,0,722,0,5249,137,2,470.0,2966.2,3174.8,392.5,425.0,3017.2,60484.3,86543.9,61721.9,0,0,0,0,0,0.5729859150473641,0.5236724699973814,0.25035767630629807,1.0000000000000009,0,1420.045,601,0.9520100642412517,0.7479411501272196,0.786071838658842,1.0000000000000133,0,148.12,30,0.5649860135061108,0.8366507963267199,0.03798332667229897,0.7146265988546242,0,1638.321,27,0.9396805646664944,0.9827912891057183,0.599658824985207,0.9735106533709369,0,763.584,0
jitter 50 ms,earthquake,off,303,25567,25567,358.8,390.5,48.2,16724.1,86391.1,0,761,0,5216,105,2,407.1,3032.8,3214.5,460.2,484.7,3054.0,56457.1,86559.3,60270.4,0,0,0,0,0,0.6032524863772417,0.5168184362810173,0.2649454947226262,0.9999999999999977,0,1257.421,524,0.9558311405404587,0.7439954675084778,0.7923212328319158,1.0000000000000047,0,82.143,26,0.5044423620516193,0.8055926461728502,0.036569629048472316,0.3693331862126255,0,0,19,0.9608729932394666,0.9778971707632641,0.6126886173162975,0.92173026309462,0,187.148,1
jitter 50 ms,earthquake,off,404,26284,26284,369.2,398.9,48.11,17129.8,86409.8,0,756,0,5401,151,4,545.2,3254.3,3352.8,1021.4,457.2,3082.0,64092.2,86642.9,61401.4,0,0,0,0,0,0.6463287657088722,0.5077893157007195,0.3008871418571813,0.9999999999999967,0,1041.101,533,0.9681366930563292,0.73881730088784,0.8493632286151561,0.9999999999999974,0,24.2,21,0.4626266296604068,0.8044034315854016,0.03848505810652317,0.5838679038654288,0,1686.564,20,0.871249240281001,0.9781524124366642,0.6488759438179319,0.9600200681841292,0,661.699,3
jitter 50 ms,earthquake,decay,101,18166,24819,316.2,417.8,48.06,20565.0,86480.7,37518,346,192,5167,97,1,48.9,165.0,846.8,29.9,143.2,959.9,22685.3,86353.4,47613.7,53,0,4836,0,286,0.6908299423956439,0.4982756625521939,0.26567745775481283,1.0000000000000124,0,1194.566,501,0.9743115537811329,0.7599207916002042,0.7830545626277716,1.000000000000015,0,133.73,15,0.7772261540168247,0.7453586548619491,0.044067450778427705,0.5994500923927033,0,1699.944,20,0.9889847626746959,0.9760440944442974,0.5960414323467109,0.9337884027606029,0,704.937,0
jitter 50 ms,earthquake,decay,202,18443,25421,323.7,421.8,48.3,21928.6,86521.0,37572,339,157,5249,137,2,166.9,1263.4,1417.5,400.0,144.9,1168.8,23597.7,86520.8,49289.6,71,0,4864,0,319,0.6283532686745797,0.49237419513765734,0.2576219338664182,1.0000000000000009,0,1360.303,522,0.9544383165501651,0.7452098056649944,0.7796286754100245,0.999999999999999,0,114.203,28,0.5602721065216196,0.837424922253745,0.03784577076745701,0.7043645370735003,0,1002.162,24,0.9433750024839754,0.982540515870802,0.5933695830997573,0.9727445845652906,0,1206.667,0
jitter 50 ms,earthquake,decay,303,18641,25459,331.4,415.7,48.21,21580.4,86550.1,37147,361,95,5216,105,2,158.1,1264.6,1456.3,400.2,164.2,1267.0,25079.0,86417.9,48992.0,63,0,4832,0,342,0.6897863983726812,0.468984811975047,0.2756610822571843,0.9999999999999982,0,1145.674,445,0.9762477166010842,0.7394018250959932,0.7949804242114553,1.0000000000000084,0,56.846,10,0.5130446295500931,0.8100442930470205,0.038064882480861546,0.3769439451611273,0,98.245,19,0.9649871149078687,0.9779312696482027,0.6162626675421322,0.9126708740302207,0,187.569,1
jitter 50 ms,earthquake,decay,404,20431,26839,345.6,420.4,47.93,21019.7,86587.1,39582,409,104,5401,151,4,227.9,1349.7,1799.4,548.9,195.3,1627.1,32050.0,86587.8,47400.7,92,0,5076,0,266,0.6613745431987261,0.5112059337195519,0.31004357060554166,0.9999999999999964,0,1030.17,493,0.9730523964497406,0.7372802333434699,0.8486813474061231,1.000000000000009,0,43.475,19,0.4514824836360364,0.8195619924180795,0.04071323690849611,0.5871519169286211,0,1356.564,18,0.8676792588736448,0.9783324670145348,0.651587132913097,0.9626365970438518,0,1118.373,2
