day,intent,seed,sla_breaches,sla_breaches_as_submitted,cloud_hours,local_hours,drained_hours,mean_wait_s,p95_wait_s,jobs_reprioritised,overload_decisions,accepted_breach_cycles,events,exposing_events,exposing_high_events,ttl_exposing_mean_s,ttl_exposing_p95_s,ttl_exposing_max_s,ttl_exposing_high_mean_s,ttl_all_mean_s,ttl_all_p95_s,ttp_exposing_mean_s,ttp_exposing_p95_s,ttp_all_mean_s,exposing_ever_decayed,exposing_promoted,decayed_events,promoted_events,harmless_kept_events,"10 min, 15 s.decisions","10 min, 15 s.in_time_share","10 min, 15 s.never","10 min, 15 s.unwinnable","10 min, 15 s.latency_p50_s","10 min, 15 s.slack_p50_s","10 min, 30 s.decisions","10 min, 30 s.in_time_share","10 min, 30 s.never","10 min, 30 s.unwinnable","10 min, 30 s.latency_p50_s","10 min, 30 s.slack_p50_s","10 min, 120 s.decisions","10 min, 120 s.in_time_share","10 min, 120 s.never","10 min, 120 s.unwinnable","10 min, 120 s.latency_p50_s","10 min, 120 s.slack_p50_s","30 min, 15 s.decisions","30 min, 15 s.in_time_share","30 min, 15 s.never","30 min, 15 s.unwinnable","30 min, 15 s.latency_p50_s","30 min, 15 s.slack_p50_s","30 min, 30 s.decisions","30 min, 30 s.in_time_share","30 min, 30 s.never","30 min, 30 s.unwinnable","30 min, 30 s.latency_p50_s","30 min, 30 s.slack_p50_s","30 min, 120 s.decisions","30 min, 120 s.in_time_share","30 min, 120 s.never","30 min, 120 s.unwinnable","30 min, 120 s.latency_p50_s","30 min, 120 s.slack_p50_s","60 min, 15 s.decisions","60 min, 15 s.in_time_share","60 min, 15 s.never","60 min, 15 s.unwinnable","60 min, 15 s.latency_p50_s","60 min, 15 s.slack_p50_s","60 min, 30 s.decisions","60 min, 30 s.in_time_share","60 min, 30 s.never","60 min, 30 s.unwinnable","60 min, 30 s.latency_p50_s","60 min, 30 s.slack_p50_s","60 min, 120 s.decisions","60 min, 120 s.in_time_share","60 min, 120 s.never","60 min, 120 s.unwinnable","60 min, 120 s.latency_p50_s","60 min, 120 s.slack_p50_s"
workday,off,101,30,30,53.3,278.2,24.05,512.1,3832.7,0,0,0,2242,58,0,52.2,178.0,248.6,,48.3,135.0,1514.4,4691.0,1826.0,0,0,0,0,0,293,0.6109215017064846,2,11,59.905,254.220705899,293,0.5802047781569966,2,14,59.905,254.596281537,293,0.46757679180887374,2,70,59.905,201.337419477,753,0.7436918990703851,8,11,57.951,728.693682709,753,0.7317397078353254,8,14,57.951,729.810194241,753,0.6852589641434262,8,70,57.951,705.326799795,1325,0.8090566037735849,8,11,54.577,1482.051118265,1325,0.8015094339622642,8,14,54.577,1486.831873504,1325,0.7750943396226415,8,70,54.577,1464.054667844
workday,off,202,16,16,50.3,277.7,24.0,364.7,2272.7,0,2,0,2165,54,0,44.7,129.5,136.2,,47.0,136.0,1268.6,2961.2,1255.2,0,0,0,0,0,280,0.6107142857142858,2,9,57.388,240.865491464,280,0.6035714285714285,2,14,57.388,227.294694373,280,0.48928571428571427,2,61,57.388,176.414891867,696,0.7399425287356322,4,9,54.68,717.180191535,696,0.735632183908046,4,14,54.68,703.505481628,696,0.6781609195402298,4,61,54.68,678.382410182,1201,0.8309741881765196,6,9,52.926,1336.387290248,1201,0.8276436303080766,6,14,52.926,1328.277293459,1201,0.791007493755204,6,61,52.926,1309.000347876
workday,off,303,9,9,51.3,276.5,24.01,1136.2,8084.0,0,0,0,2206,70,0,42.0,126.0,142.7,,47.3,140.5,4024.1,8719.1,4074.1,0,0,0,0,0,320,0.528125,2,11,77.492,254.245277004,320,0.5125,2,21,77.492,242.399617286,320,0.4125,2,82,77.492,203.955151407,751,0.6591211717709721,5,11,65.159,736.827046845,751,0.6524633821571239,5,21,65.159,729.207489039,751,0.607190412782956,5,82,65.159,694.490858895,1287,0.7031857031857032,9,11,65.159,1460.328161623,1287,0.6993006993006993,9,21,65.159,1450.800768155,1287,0.6721056721056721,9,82,65.159,1434.246065357
workday,off,404,10,10,57.0,277.0,24.0,549.5,4193.0,0,0,0,2212,55,0,45.5,125.5,199.2,,50.2,135.5,2065.4,5020.4,1943.0,0,0,0,0,0,277,0.5884476534296029,0,16,59.293,222.298268925,277,0.5631768953068592,0,26,59.293,209.252156788,277,0.4151624548736462,0,77,59.293,198.569419804,741,0.7031039136302294,5,16,64.505,756.90136469,741,0.6936572199730094,5,26,64.505,744.746419553,741,0.6342780026990553,5,77,64.505,711.940339879,1293,0.7610208816705336,9,16,59.876,1526.427546921,1293,0.7556071152358855,9,26,59.876,1522.204432898,1293,0.720030935808198,9,77,59.876,1502.192338317
workday,decay,101,1387,4133,45.9,279.4,24.06,1035.3,7929.5,11926,0,84,2242,58,0,41.6,106.7,157.6,,40.8,90.7,485.4,2290.5,2308.2,10,0,1599,0,595,293,0.6723549488054608,2,11,47.804,239.792035011,293,0.6450511945392492,2,14,47.804,236.673725993,293,0.5085324232081911,2,70,47.804,205.539711113,753,0.796812749003984,8,11,49.188,713.499128938,753,0.7861885790172642,8,14,49.188,702.75116451,753,0.7290836653386454,8,70,49.188,679.120695173,1325,0.84,9,11,47.719,1437.871053904,1325,0.8339622641509434,9,14,47.719,1433.99166371,1325,0.8007547169811321,9,70,47.719,1399.617634615
workday,decay,202,1263,3551,40.9,278.7,24.0,797.1,5338.2,11149,0,96,2165,54,0,37.5,75.0,99.5,,40.4,90.3,677.2,4367.5,1821.0,4,0,1548,0,567,280,0.7107142857142857,2,9,43.194,244.101978084,280,0.7,2,14,43.194,229.546578846,280,0.6,2,61,43.194,176.414891867,696,0.8089080459770115,5,9,45.203,685.064388974,696,0.8045977011494253,5,14,45.203,680.543529159,696,0.7600574712643678,5,61,45.203,645.940218226,1201,0.8492922564529559,9,9,45.014,1416.103812393,1201,0.8467943380516236,9,14,45.014,1406.027793429,1201,0.8193172356369692,9,61,45.014,1368.225837287
workday,decay,303,1535,3833,45.5,278.4,24.01,1599.7,15950.9,11674,0,117,2206,70,0,36.0,58.9,97.7,,40.5,91.2,1744.7,17132.0,3493.1,12,0,1580,0,568,320,0.65625,2,11,44.518,233.220930246,320,0.628125,2,21,44.518,230.692312931,320,0.4875,2,82,44.518,193.478556979,751,0.7576564580559254,6,11,44.518,661.794566922,751,0.7443408788282291,6,21,44.518,686.993111354,751,0.6790945406125166,6,82,44.518,675.152397915,1287,0.8034188034188035,10,11,44.609,1385.885794671,1287,0.7956487956487956,10,21,44.609,1395.135768101,1287,0.756021756021756,10,82,44.609,1405.176214426
workday,decay,404,1555,3672,47.7,277.9,24.0,1129.3,8449.3,11550,0,131,2212,55,0,37.4,83.1,94.2,,41.6,96.5,939.0,2120.7,2538.1,7,0,1586,0,578,277,0.6570397111913358,0,16,44.928,207.373676954,277,0.628158844765343,0,26,44.928,207.298268925,277,0.48014440433212996,0,77,44.928,187.143337194,741,0.7678812415654521,5,16,49.098,748.466888136,741,0.7530364372469636,5,26,49.098,741.90136469,741,0.6936572199730094,5,77,49.098,718.66625104,1293,0.8259860788863109,9,16,49.098,1497.655919575,1293,0.8174787316318639,9,26,49.098,1504.834370032,1293,0.7834493426140758,9,77,49.098,1492.940229341
workday,"decay, oracle",101,2509,13138,38.0,281.2,24.32,1827.1,7394.7,25699,0,222,2242,58,0,33.6,54.1,76.5,,656.9,5494.9,114.5,294.2,2699.4,0,0,2091,0,93,293,0.8498293515358362,2,11,42.951,210.176775727,293,0.8156996587030717,2,14,42.951,202.049305144,293,0.6450511945392492,2,70,42.951,142.795773811,753,0.9256308100929614,8,11,47.719,542.683715775,753,0.9123505976095617,8,14,47.719,553.53584647,753,0.8353253652058433,8,70,47.719,525.825985863,1325,0.9547169811320755,9,11,44.753,1131.808691319,1325,0.9471698113207547,9,14,44.753,1125.185848862,1325,0.9011320754716982,9,70,44.753,1136.938230904
workday,"decay, oracle",202,2214,11815,31.5,280.5,24.11,1649.8,6878.8,24815,0,196,2165,54,0,30.8,54.5,75.0,,558.3,4959.1,117.2,318.7,2467.6,0,0,2021,0,90,280,0.8642857142857143,2,9,36.884,214.236396876,280,0.8428571428571429,2,14,36.884,203.486574436,280,0.6642857142857143,2,61,36.884,145.13973922,696,0.9396551724137931,5,9,39.765,464.55160081,696,0.9310344827586207,5,14,39.765,459.078842738,696,0.8491379310344828,5,61,39.765,460.099826522,1201,0.9616985845129059,9,9,40.918,1087.985275172,1201,0.9567027477102414,9,14,40.918,1084.888002207,1201,0.9092422980849292,9,61,40.918,1063.200196807
workday,"decay, oracle",303,2949,12100,36.9,282.2,24.59,2365.9,9749.5,24810,0,283,2206,70,0,31.7,52.3,59.2,,823.2,7848.7,127.1,352.3,3518.0,0,0,2039,0,97,320,0.803125,2,11,40.393,210.755903881,320,0.76875,2,21,40.393,206.008972705,320,0.60625,2,82,40.393,145.710366651,751,0.9027962716378163,7,11,43.797,475.944532929,751,0.8881491344873502,7,21,43.797,470.486520847,751,0.810918774966711,7,82,43.797,461.658590059,1287,0.9362859362859363,12,11,44.049,1064.910672863,1287,0.9261849261849262,12,21,44.049,1067.353003289,1287,0.8749028749028749,12,82,44.049,1091.869832831
workday,"decay, oracle",404,2678,12204,38.0,278.2,24.0,2064.0,8701.5,25139,0,217,2212,55,0,31.9,70.4,109.2,,771.9,6770.8,112.6,244.2,3050.0,0,0,2059,0,98,277,0.8375451263537906,0,16,38.535,205.486432373,277,0.8086642599277978,0,26,38.535,194.446039111,277,0.5992779783393501,0,77,38.535,144.148292249,741,0.9284750337381916,6,16,42.13,557.97802793,741,0.9176788124156545,6,26,42.13,562.289148607,741,0.8299595141700404,6,77,42.13,575.741261475,1293,0.9551430781129157,11,16,43.052,1146.219045072,1293,0.9489559164733179,11,26,43.052,1138.60952166,1293,0.8948182521268369,11,77,43.052,1167.79072628
earthquake,off,101,23046,23046,348.6,387.2,48.12,16257.6,86360.6,0,698,0,5167,97,1,153.0,730.5,2916.8,29.9,398.8,2810.0,56267.7,86529.9,59106.1,0,0,0,0,0,325,0.5692307692307692,3,12,62.097,233.227118979,325,0.5538461538461539,3,19,62.097,221.160670798,325,0.4492307692307692,3,75,62.097,180.788338047,914,0.6422319474835886,8,12,78.922,782.057681384,914,0.6367614879649891,8,19,78.922,773.058675483,914,0.5962800875273523,8,75,78.922,748.189447234,1662,0.6588447653429603,24,12,91.178,1488.782658229,1662,0.6558363417569194,24,19,91.178,1484.181747861,1662,0.6329723225030084,24,75,91.178,1459.098218347
earthquake,off,202,24997,24997,351.2,395.3,48.31,17032.0,86401.6,0,722,0,5249,137,2,470.0,2966.2,3174.8,392.5,425.0,3017.2,60484.3,86543.9,61721.9,0,0,0,0,0,410,0.5292682926829269,15,17,74.261,248.405113748,410,0.5121951219512195,15,28,74.261,243.704128665,410,0.4097560975609756,15,91,74.261,212.497316717,1093,0.5919487648673376,34,17,77.881,777.351773651,1093,0.5846294602012809,34,28,77.881,769.990564213,1093,0.5434583714547118,34,91,77.881,738.975877439,1929,0.6189735614307932,43,17,84.175,1484.182841707,1929,0.6148263348885433,43,28,84.175,1477.790034744,1929,0.5894245723172629,43,91,84.175,1486.932617753
earthquake,off,303,25567,25567,358.8,390.5,48.2,16724.1,86391.1,0,761,0,5216,105,2,407.1,3032.8,3214.5,460.2,484.7,3054.0,56457.1,86559.3,60270.4,0,0,0,0,0,351,0.49572649572649574,8,11,134.014,216.50794874,351,0.4672364672364672,8,20,134.014,207.84323942,351,0.3646723646723647,8,83,134.014,172.133650343,946,0.5613107822410148,19,11,139.945,817.512459294,946,0.5507399577167019,19,20,139.945,807.084381506,946,0.5105708245243129,19,83,139.945,768.216622863,1717,0.5917297612114153,25,11,136.69,1498.553264771,1717,0.5859056493884682,25,20,136.69,1497.003446154,1717,0.5626092020966803,25,83,136.69,1497.228365329
earthquake,off,404,26284,26284,369.2,398.9,48.11,17129.8,86409.8,0,756,0,5401,151,4,545.2,3254.3,3352.8,1021.4,457.2,3082.0,64092.2,86642.9,61401.4,0,0,0,0,0,583,0.4939965694682676,9,18,84.337,250.798432277,583,0.4716981132075472,9,39,84.337,245.355669195,583,0.3876500857632933,9,137,84.337,182.667530916,1608,0.5677860696517413,21,18,102.392,806.395176633,1608,0.5597014925373134,21,39,102.392,801.647853601,1608,0.5286069651741293,21,137,102.392,772.133140385,2921,0.6100650462170489,28,18,110.046,1516.581027901,2921,0.6049298185552893,28,39,110.046,1514.896000238,2921,0.5847312564190346,28,137,110.046,1487.774488473
earthquake,decay,101,18350,22395,345.1,388.6,48.06,16046.4,85343.8,37016,570,528,5167,97,1,53.4,176.0,906.8,29.9,151.0,981.2,7883.1,13213.4,40013.4,9,0,4695,0,384,325,0.6061538461538462,2,12,49.088,236.160670798,325,0.5938461538461538,2,19,49.088,225.224532931,325,0.49538461538461537,2,75,49.088,177.221786945,914,0.7024070021881839,7,12,48.922,788.574904482,914,0.6980306345733042,7,19,48.922,782.008741266,914,0.6608315098468271,7,75,48.922,730.951855158,1662,0.723826714801444,21,12,50.999,1541.962656526,1662,0.7214199759326113,21,19,50.999,1530.842791613,1662,0.7009626955475331,21,75,50.999,1492.222216534
earthquake,decay,202,20244,24725,348.9,396.8,48.2,18723.2,86474.5,36738,498,204,5249,137,2,198.4,1263.4,1357.5,400.0,166.4,1188.0,24601.4,85312.7,44790.9,24,0,4691,0,445,410,0.5292682926829269,17,17,57.797,241.530382405,410,0.5146341463414634,17,28,57.797,233.405113748,410,0.4195121951219512,17,91,57.797,203.314485395,1093,0.6340347666971637,37,17,53.095,795.18405972,1093,0.6285452881976212,37,28,53.095,789.503470183,1093,0.5846294602012809,37,91,53.095,761.206228212,1929,0.6645930533955418,47,17,51.18,1533.914213188,1929,0.6614826334888543,47,28,51.18,1520.167565744,1929,0.6365992742353551,47,91,51.18,1499.85675106
earthquake,decay,303,19528,24333,343.5,403.4,48.12,18451.5,86370.7,37560,499,380,5216,105,2,206.8,1706.1,2078.6,392.7,223.6,1609.1,10717.3,15885.6,42066.0,10,0,4794,0,327,351,0.5384615384615384,9,11,57.711,251.681276362,351,0.5242165242165242,9,20,57.711,239.390214234,351,0.41595441595441596,9,83,57.711,193.139255625,946,0.627906976744186,19,11,56.26,796.832105779,946,0.6215644820295984,19,20,56.26,787.270621252,946,0.5782241014799154,19,83,56.26,754.316371368,1717,0.6651135701805475,25,11,59.29,1495.103005896,1717,0.6616191030867793,25,20,59.29,1493.623595567,1717,0.6377402446126965,25,83,59.29,1491.806768873
earthquake,decay,404,21917,26077,382.8,383.3,47.74,17024.8,86199.7,38524,759,157,5401,151,4,330.5,2024.7,2362.8,717.6,277.1,2041.5,38394.8,86066.0,44993.3,25,0,4838,0,437,583,0.5214408233276158,9,18,65.903,262.708979033,583,0.49056603773584906,9,39,65.903,259.19670379,583,0.411663807890223,9,137,65.903,195.37242665,1608,0.6063432835820896,21,18,64.306,828.509299114,1608,0.5951492537313433,21,39,64.306,828.403560224,1608,0.5640547263681592,21,137,64.306,787.965181577,2921,0.655255049640534,27,18,66.364,1505.470939567,2921,0.6487504279356385,27,39,66.364,1514.332169388,2921,0.6302636083533036,27,137,66.364,1481.611543402
earthquake,"decay, oracle",101,11188,28160,301.9,429.7,48.12,22968.5,86371.1,51100,243,428,5167,97,1,30.7,44.9,229.4,29.9,7875.9,81828.0,159.6,528.4,38937.7,0,0,4979,0,91,325,0.8492307692307692,2,12,35.548,216.919934624,325,0.8153846153846154,2,19,35.548,207.903569653,325,0.676923076923077,2,75,35.548,144.122790686,914,0.9223194748358862,6,12,36.714,599.679966597,914,0.9091903719912473,6,19,36.714,598.820276077,914,0.8522975929978118,6,75,36.714,564.550103879,1662,0.9368231046931408,19,12,37.511,1232.778033409,1662,0.9283995186522263,19,19,37.511,1240.607127472,1662,0.8892900120336944,19,75,37.511,1214.47652601
earthquake,"decay, oracle",202,12516,29922,312.0,431.6,48.26,22768.8,86416.5,52706,264,366,5249,137,2,41.6,123.4,582.2,160.0,8564.8,86112.8,292.5,1187.2,38814.4,0,0,5009,0,103,410,0.7536585365853659,19,17,37.162,208.352885778,410,0.7317073170731707,19,28,37.162,201.845249476,410,0.6024390243902439,19,91,37.162,146.38338645,1093,0.8234217749313815,41,17,37.807,627.553854256,1093,0.8151875571820677,41,28,37.807,617.906798437,1093,0.7602927721866423,41,91,37.807,605.621825126,1929,0.8641783307413168,54,17,37.807,1285.663451353,1929,0.8595127008812856,54,28,37.807,1276.558982229,1929,0.8232244686365993,54,91,37.807,1270.400185597
earthquake,"decay, oracle",303,12789,30067,307.0,435.9,48.34,25241.2,86500.4,52117,156,310,5216,105,2,29.5,44.4,230.5,130.2,9467.3,86249.3,161.0,604.2,42996.6,0,0,5004,0,107,351,0.8262108262108262,8,11,32.186,220.291372206,351,0.7863247863247863,8,20,32.186,219.054289538,351,0.6210826210826211,8,83,32.186,148.592412262,946,0.9133192389006343,19,11,31.958,598.884130282,946,0.8985200845665962,19,20,31.958,599.015686105,946,0.8224101479915433,19,83,31.958,591.87832395,1717,0.9330227140361095,25,11,34.158,1212.154737804,1717,0.9242865463016889,25,20,34.158,1203.906785238,1717,0.8800232964472918,25,83,34.158,1198.885454532
earthquake,"decay, oracle",404,14371,31601,322.2,441.3,48.15,22677.8,86437.4,55497,242,326,5401,151,4,34.5,54.3,255.6,76.4,8141.7,86055.8,566.9,1998.0,38131.9,0,0,5138,0,112,583,0.7152658662092625,9,18,36.047,239.322185268,583,0.6946826758147513,9,39,36.047,227.376759967,583,0.5746140651801029,9,137,36.047,169.19670379,1608,0.802860696517413,22,18,36.006,701.314593341,1608,0.7947761194029851,22,39,36.006,692.527354826,1608,0.7431592039800995,22,137,36.006,669.118398813,2921,0.84423142759329,29,18,36.902,1319.268965991,2921,0.8394385484423142,29,39,36.902,1313.963315626,2921,0.8069154399178363,29,137,36.902,1287.540485672
