day,local coldstart,cloud coldstart,seed,sla_breaches,sla_breaches_as_submitted,cloud_hours,local_hours,drained_hours,mean_wait_s,p95_wait_s,jobs_reprioritised,overload_decisions,accepted_breach_cycles,events,exposing_events,exposing_high_events,ttl_exposing_mean_s,ttl_exposing_p95_s,ttl_exposing_max_s,ttl_exposing_high_mean_s,ttl_all_mean_s,ttl_all_p95_s,ttp_exposing_mean_s,ttp_exposing_p95_s,ttp_all_mean_s,exposing_ever_decayed,exposing_promoted,decayed_events,promoted_events,harmless_kept_events
workday,local 0 s,cloud 1 min,101,7,7,58.3,278.5,24.05,233.8,1532.5,0,0,0,2242,58,0,47.0,142.6,173.6,,44.6,119.6,704.7,1971.2,799.5,0,0,0,0,0
workday,local 0 s,cloud 1 min,202,1,1,51.0,277.7,24.0,183.3,1004.3,0,0,0,2165,54,0,41.4,106.2,129.5,,43.4,112.7,638.6,1353.7,610.1,0,0,0,0,0
workday,local 0 s,cloud 1 min,303,3,3,57.3,276.8,24.01,672.6,5090.9,0,0,0,2206,70,0,37.9,85.4,112.4,,43.4,115.5,2364.0,5930.7,2389.5,0,0,0,0,0
workday,local 0 s,cloud 1 min,404,3,3,59.3,277.7,24.0,369.2,2599.2,0,0,0,2212,55,0,40.9,108.8,139.2,,45.6,116.7,1362.3,3326.8,1298.5,0,0,0,0,0
workday,local 0 s,cloud 3 min,101,7,7,52.2,278.5,24.05,543.3,4080.8,0,0,0,2242,58,0,50.6,178.0,248.6,,48.0,134.3,1571.3,4856.0,1943.7,0,0,0,0,0
workday,local 0 s,cloud 3 min,202,2,2,50.3,277.7,24.0,362.8,2264.4,0,2,0,2165,54,0,44.4,129.5,136.2,,46.8,134.0,1263.0,2961.2,1249.2,0,0,0,0,0
workday,local 0 s,cloud 3 min,303,3,3,50.9,276.8,24.01,1131.1,8038.2,0,0,0,2206,70,0,42.2,126.0,142.7,,46.9,136.0,4003.9,8719.1,4057.1,0,0,0,0,0
workday,local 0 s,cloud 3 min,404,6,6,57.0,277.7,24.0,546.7,4176.2,0,0,0,2212,55,0,45.0,125.5,199.2,,49.9,133.0,2057.2,5020.4,1933.8,0,0,0,0,0
workday,local 0 s,cloud 10 min,101,509,509,67.7,278.3,24.05,212.1,978.8,0,319,0,2242,58,0,64.6,320.8,338.6,,58.2,196.6,705.0,1526.0,655.1,0,0,0,0,0
workday,local 0 s,cloud 10 min,202,200,200,36.4,278.9,24.05,1264.4,8711.7,0,197,0,2165,54,0,53.6,151.2,279.7,,57.3,185.2,4776.9,10470.8,4535.7,0,0,0,0,0
workday,local 0 s,cloud 10 min,303,448,448,60.4,276.8,24.01,309.2,1829.3,0,232,0,2206,70,0,55.3,179.2,327.9,,55.9,179.2,1009.5,2702.8,1000.6,0,0,0,0,0
workday,local 0 s,cloud 10 min,404,837,837,65.6,277.5,24.0,229.1,1037.9,0,284,0,2212,55,0,57.0,214.2,266.8,,57.3,171.0,496.6,1192.7,719.7,0,0,0,0,0
workday,local 1 min,cloud 1 min,101,24,24,62.1,278.1,24.05,234.7,1533.6,0,0,0,2242,58,0,47.5,144.1,173.6,,44.5,117.9,710.9,1971.2,802.3,0,0,0,0,0
workday,local 1 min,cloud 1 min,202,16,16,51.3,277.7,24.0,184.1,1006.0,0,0,0,2165,54,0,41.4,106.2,129.5,,43.6,114.9,640.2,1353.7,611.6,0,0,0,0,0
workday,local 1 min,cloud 1 min,303,9,9,57.5,276.5,24.01,674.6,5092.3,0,0,0,2206,70,0,37.9,85.4,97.7,,43.7,116.9,2371.1,5930.7,2396.1,0,0,0,0,0
workday,local 1 min,cloud 1 min,404,7,7,59.3,277.0,24.0,370.6,2608.1,0,0,0,2212,55,0,40.9,110.5,139.2,,45.9,118.7,1367.2,3326.8,1302.9,0,0,0,0,0
workday,local 1 min,cloud 3 min,101,30,30,53.3,278.2,24.05,512.1,3832.7,0,0,0,2242,58,0,52.2,178.0,248.6,,48.3,135.0,1514.4,4691.0,1826.0,0,0,0,0,0
workday,local 1 min,cloud 3 min,202,16,16,50.3,277.7,24.0,364.7,2272.7,0,2,0,2165,54,0,44.7,129.5,136.2,,47.0,136.0,1268.6,2961.2,1255.2,0,0,0,0,0
workday,local 1 min,cloud 3 min,303,9,9,51.3,276.5,24.01,1136.2,8084.0,0,0,0,2206,70,0,42.0,126.0,142.7,,47.3,140.5,4024.1,8719.1,4074.1,0,0,0,0,0
workday,local 1 min,cloud 3 min,404,10,10,57.0,277.0,24.0,549.5,4193.0,0,0,0,2212,55,0,45.5,125.5,199.2,,50.2,135.5,2065.4,5020.4,1943.0,0,0,0,0,0
workday,local 1 min,cloud 10 min,101,487,487,67.6,278.0,24.05,212.5,975.7,0,316,0,2242,58,0,63.3,305.8,324.1,,58.2,196.6,714.8,1526.0,657.1,0,0,0,0,0
workday,local 1 min,cloud 10 min,202,207,207,36.4,278.9,24.11,1283.7,8786.4,0,195,0,2165,54,0,54.4,151.2,264.7,,57.7,187.8,4822.2,10470.8,4601.0,0,0,0,0,0
workday,local 1 min,cloud 10 min,303,454,454,60.9,276.5,24.01,310.1,1829.3,0,233,0,2206,70,0,55.3,179.2,327.9,,56.3,181.4,1011.4,2702.8,1002.4,0,0,0,0,0
workday,local 1 min,cloud 10 min,404,840,840,65.7,276.8,24.0,230.9,1040.7,0,284,0,2212,55,0,57.0,214.2,266.8,,57.6,172.3,501.8,1192.7,724.4,0,0,0,0,0
workday,local 5 min,cloud 1 min,101,34,34,62.0,274.5,24.06,240.1,1538.8,0,0,0,2242,58,0,48.3,144.1,196.7,,45.2,121.1,736.0,1971.2,820.8,0,0,0,0,0
workday,local 5 min,cloud 1 min,202,24,24,55.6,274.5,24.0,187.8,1010.6,0,0,0,2165,54,0,41.4,106.2,129.5,,44.4,116.7,655.5,1450.0,621.6,0,0,0,0,0
workday,local 5 min,cloud 1 min,303,14,14,62.7,273.1,24.01,681.7,5132.2,0,0,0,2206,70,0,37.7,74.2,97.7,,44.7,121.0,2385.0,5930.7,2417.5,0,0,0,0,0
workday,local 5 min,cloud 1 min,404,9,9,63.0,274.3,24.0,374.4,2624.0,0,0,0,2212,55,0,41.5,110.5,139.2,,46.4,124.9,1387.6,3326.8,1314.4,0,0,0,0,0
workday,local 5 min,cloud 3 min,101,37,37,58.8,274.7,24.07,437.1,3007.9,0,0,0,2242,58,0,52.7,196.7,248.6,,49.4,146.5,1219.6,3471.2,1541.7,0,0,0,0,0
workday,local 5 min,cloud 3 min,202,37,37,57.4,274.4,24.0,366.5,2284.5,0,2,0,2165,54,0,44.1,129.5,136.2,,48.1,140.0,1284.4,2961.2,1257.4,0,0,0,0,0
workday,local 5 min,cloud 3 min,303,38,38,59.5,273.1,24.01,1130.3,8130.3,0,0,0,2206,70,0,41.6,126.0,142.7,,48.6,149.3,3990.9,8719.1,4043.2,0,0,0,0,0
workday,local 5 min,cloud 3 min,404,44,44,61.4,274.1,24.0,556.6,4227.3,0,0,0,2212,55,0,45.8,125.5,199.2,,51.2,142.5,2085.3,5020.4,1965.5,0,0,0,0,0
workday,local 5 min,cloud 10 min,101,564,564,70.0,274.9,24.08,220.3,1007.2,0,332,0,2242,58,0,64.4,290.8,324.1,,60.2,207.9,758.0,1595.8,676.9,0,0,0,0,0
workday,local 5 min,cloud 10 min,202,361,361,37.0,278.1,24.29,1349.2,9461.8,0,219,0,2165,54,0,53.6,151.2,249.7,,59.2,198.8,5041.9,10665.8,4835.6,0,0,0,0,0
workday,local 5 min,cloud 10 min,303,629,629,61.4,273.4,24.01,320.8,1831.4,0,272,0,2206,70,0,57.4,179.2,327.9,,59.4,196.0,1021.7,2702.8,1030.6,0,0,0,0,0
workday,local 5 min,cloud 10 min,404,900,900,67.2,274.5,24.0,241.7,1090.8,0,292,0,2212,55,0,57.5,214.2,266.8,,59.2,182.2,561.0,1356.9,760.6,0,0,0,0,0
rock burst,local 0 s,cloud 1 min,101,6087,6087,132.1,301.0,44.75,6167.4,28387.3,0,200,0,2986,57,0,52.9,136.6,524.7,,125.8,962.3,20551.0,50861,22636.2,0,0,0,0,0
rock burst,local 0 s,cloud 1 min,202,5786,5786,142.0,303.0,45.75,5816.3,26068.6,0,192,0,3086,75,0,94.1,494.3,1239.4,,112.3,866.1,24423.7,70352.2,21267.9,0,0,0,0,0
rock burst,local 0 s,cloud 1 min,303,5632,5632,148.3,300.8,41.2,5014.8,25175.1,0,182,0,3103,76,1,81.5,565.9,931.4,931.4,114.5,815.4,16654.1,53032.5,18314.3,0,0,0,0,0
rock burst,local 0 s,cloud 1 min,404,5391,5391,134.9,301.9,42.42,5495.5,25946.4,0,178,0,3001,63,0,63.1,160.2,471.0,,109.3,795.2,18456.9,44246.8,20042.3,0,0,0,0,0
rock burst,local 0 s,cloud 3 min,101,6843,6843,125.8,306.3,48.07,7716.8,45350.2,0,210,0,2986,57,0,61.0,151.0,704.7,,144.4,1079.4,26692.6,70031,28336.8,0,0,0,0,0
rock burst,local 0 s,cloud 3 min,202,6635,6635,134.1,309.6,47.85,7618.1,48367.1,0,204,0,3086,75,0,104.5,659.3,1344.4,,128.8,986.4,32294.3,86556.9,27868.6,0,0,0,0,0
rock burst,local 0 s,cloud 3 min,303,6008,6008,145.4,306.4,46.77,6348.4,29248.2,0,195,0,3103,76,1,94.7,685.9,1051.4,1051.4,131.8,940.0,21032.2,73087.5,23222.0,0,0,0,0,0
rock burst,local 0 s,cloud 3 min,404,5834,5834,127.5,308.1,48.0,7189.3,37942.9,0,189,0,3001,63,0,69.8,177.7,576.0,,124.5,903.8,24020.7,66626.8,26292.3,0,0,0,0,0
rock burst,local 0 s,cloud 10 min,101,7869,7869,128.5,301.1,44.79,5951.7,27768.9,0,518,0,2986,57,0,85.8,347.0,1169.7,,214.7,1510.1,19287.1,50981,21526.8,0,0,0,0,0
rock burst,local 0 s,cloud 10 min,202,7487,7487,141.0,299.3,41.95,4749.5,22577.8,0,584,0,3086,75,0,141.1,1139.3,1734.4,,185.3,1371.5,19798.9,56687.2,17039.6,0,0,0,0,0
rock burst,local 0 s,cloud 10 min,303,7462,7462,149.5,296.1,36.4,3688.5,19585.8,0,548,0,3103,76,1,139.7,1090.9,1441.4,1441.4,190.5,1334.3,12004.7,35767.5,13112.1,0,0,0,0,0
rock burst,local 0 s,cloud 10 min,404,6656,6656,137.5,297.9,38.37,4870.5,22720.8,0,481,0,3001,63,0,81.5,219.6,734.6,,146.1,1035.1,15788.8,29651.8,17540.1,0,0,0,0,0
rock burst,local 1 min,cloud 1 min,101,6095,6095,132.3,300.7,44.86,6189.2,28414.8,0,200,0,2986,57,0,53.2,136.6,524.7,,125.9,962.3,20643.7,51251,22717.1,0,0,0,0,0
rock burst,local 1 min,cloud 1 min,202,5791,5791,142.0,303.0,45.99,5869.1,26349.4,0,192,0,3086,75,0,94.1,494.3,1239.4,,112.3,866.1,24679.1,71207.2,21462.8,0,0,0,0,0
rock burst,local 1 min,cloud 1 min,303,5635,5635,148.4,300.6,41.33,5038.2,25232.7,0,182,0,3103,76,1,82.3,565.9,931.4,931.4,114.8,815.4,16745.1,53527.5,18400.9,0,0,0,0,0
rock burst,local 1 min,cloud 1 min,404,5403,5403,136.4,301.7,42.78,5572.6,26136.4,0,178,0,3001,63,0,62.9,160.2,471.0,,109.2,795.2,18707.9,45551.8,20328.4,0,0,0,0,0
rock burst,local 1 min,cloud 3 min,101,6780,6780,125.9,306.0,48.08,7784.6,46445.2,0,210,0,2986,57,0,60.8,151.0,704.7,,144.6,1079.4,27012.4,71126,28586.0,0,0,0,0,0
rock burst,local 1 min,cloud 3 min,202,6682,6682,134.4,309.3,48.25,7616.4,48307.1,0,204,0,3086,75,0,104.7,659.3,1344.4,,128.9,986.4,32281.3,86545.1,27863.4,0,0,0,0,0
rock burst,local 1 min,cloud 3 min,303,6010,6010,145.8,305.9,46.65,6325.1,29144.9,0,195,0,3103,76,1,95.3,685.9,1051.4,1051.4,131.9,940.0,20947.3,72652.5,23134.7,0,0,0,0,0
rock burst,local 1 min,cloud 3 min,404,5881,5881,128.1,307.8,48.0,7226.9,38602.9,0,189,0,3001,63,0,69.8,177.7,576.0,,124.6,903.8,24118.8,67286.8,26431.4,0,0,0,0,0
rock burst,local 1 min,cloud 10 min,101,7877,7877,128.6,300.8,45.16,6029.9,28041.4,0,519,0,2986,57,0,85.8,347.0,1169.7,,214.9,1510.1,19618.9,52331,21817.4,0,0,0,0,0
rock burst,local 1 min,cloud 10 min,202,7493,7493,141.0,299.0,41.98,4757.0,22640.0,0,588,0,3086,75,0,140.9,1139.3,1734.4,,185.4,1371.5,19842.3,56792.2,17067.6,0,0,0,0,0
rock burst,local 1 min,cloud 10 min,303,7464,7464,150.0,295.8,36.44,3683.1,19491.2,0,549,0,3103,76,1,140.3,1090.9,1441.4,1441.4,190.7,1334.3,11997.0,35902.5,13091.5,0,0,0,0,0
rock burst,local 1 min,cloud 10 min,404,6658,6658,137.8,297.6,38.61,4903.1,22772.3,0,481,0,3001,63,0,81.0,219.6,734.6,,145.4,1029.9,15898.6,30521.8,17664.6,0,0,0,0,0
rock burst,local 5 min,cloud 1 min,101,6095,6095,135.7,298.2,45.02,6224.7,28588.9,0,200,0,2986,57,0,53.2,136.6,524.7,,126.1,962.3,20802.1,51821,22847.9,0,0,0,0,0
rock burst,local 5 min,cloud 1 min,202,5789,5789,143.6,301.9,46.46,5968.8,27262.1,0,192,0,3086,75,0,94.3,494.3,1239.4,,112.5,866.1,25148.5,72917.2,21833.1,0,0,0,0,0
rock burst,local 5 min,cloud 1 min,303,5636,5636,152.5,298.9,41.45,5055.5,25249.0,0,182,0,3103,76,1,83.1,565.9,931.4,931.4,115.0,815.4,16800.0,53932.5,18464.6,0,0,0,0,0
rock burst,local 5 min,cloud 1 min,404,5408,5408,140.2,298.4,42.97,5606.2,26205.2,0,178,0,3001,63,0,63.1,160.2,471.0,,109.8,795.2,18811.2,46211.8,20451.9,0,0,0,0,0
rock burst,local 5 min,cloud 3 min,101,6920,6920,129.3,304.1,48.08,7912.2,48230.2,0,210,0,2986,57,0,61.0,151.0,704.7,,145.0,1079.4,27576.0,72911,29058.9,0,0,0,0,0
rock burst,local 5 min,cloud 3 min,202,6671,6671,137.0,308.1,47.9,7670.2,49312.1,0,204,0,3086,75,0,105.1,659.3,1344.4,,129.2,986.4,32490.9,86277.7,28058.5,0,0,0,0,0
rock burst,local 5 min,cloud 3 min,303,6021,6021,150.7,303.8,46.24,6218.7,28761.2,0,195,0,3103,76,1,97.7,685.9,1051.4,1051.4,132.4,940.0,20612.5,71197.5,22735.8,0,0,0,0,0
rock burst,local 5 min,cloud 3 min,404,5927,5927,135.6,304.4,47.99,7250.4,39007.9,0,189,0,3001,63,0,71.9,177.7,576.0,,125.1,903.8,24173.4,67691.8,26516.2,0,0,0,0,0
rock burst,local 5 min,cloud 10 min,101,7981,7981,131.9,297.0,43.85,5691.0,27075.7,0,537,0,2986,57,0,85.3,347.0,1169.7,,215.9,1510.1,18080.0,47591,20547.0,0,0,0,0,0
rock burst,local 5 min,cloud 10 min,202,7585,7585,141.6,298.0,42.42,4840.1,23077.8,0,594,0,3086,75,0,142.1,1139.3,1734.4,,186.1,1371.5,20256.7,58397.2,17373.6,0,0,0,0,0
rock burst,local 5 min,cloud 10 min,303,7578,7578,153.5,292.1,34.39,3366.6,17407.8,0,573,0,3103,76,1,143.9,1090.9,1441.4,1441.4,192.2,1334.3,10787.4,28522.5,11892.3,0,0,0,0,0
rock burst,local 5 min,cloud 10 min,404,6588,6588,141.4,295.1,39.59,5064.6,23156.9,0,502,0,3001,63,0,83.4,244.9,644.6,,138.3,954.9,16395.3,34061.8,18297.1,0,0,0,0,0
earthquake,local 0 s,cloud 1 min,101,21888,21888,349.2,387.4,48.18,16043.4,86354.3,0,686,0,5167,97,1,140.1,610.5,2811.8,29.9,374.2,2687.4,55957.9,86517.6,58408.3,0,0,0,0,0
earthquake,local 0 s,cloud 1 min,202,23063,23063,352.8,394.6,48.32,16557.3,86382.1,0,711,0,5249,137,2,439.4,2876.2,3069.8,220.0,401.9,2912.3,59366.8,86478.5,60059.2,0,0,0,0,0
earthquake,local 0 s,cloud 1 min,303,24007,24007,362.7,387.2,48.2,16282.1,86372.6,0,748,0,5216,105,2,381.4,2912.8,3124.5,325.2,456.9,2953.0,55616.0,86480.5,58696.4,0,0,0,0,0
earthquake,local 0 s,cloud 1 min,404,23808,23808,374.0,396.1,48.1,16629.7,86361.1,0,745,0,5401,151,4,520.8,3149.3,3247.8,908.9,432.1,2977.0,62703.4,86592.7,59657.0,0,0,0,0,0
earthquake,local 0 s,cloud 3 min,101,22684,22684,347.5,388.1,48.17,16260.3,86357.8,0,698,0,5167,97,1,153.1,730.5,2916.8,29.9,398.7,2810.0,56276.8,86535.0,59116.5,0,0,0,0,0
earthquake,local 0 s,cloud 3 min,202,24797,24797,349.8,397.0,48.31,17038.6,86397.5,0,722,0,5249,137,2,469.4,2966.2,3174.8,392.5,424.8,3017.2,60510.9,86531.8,61748.0,0,0,0,0,0
earthquake,local 0 s,cloud 3 min,303,24985,24985,357.5,391.5,48.2,16728.2,86376.8,0,761,0,5216,105,2,407.3,3032.8,3214.5,460.2,484.7,3054.0,56462.4,86514.3,60285.8,0,0,0,0,0
earthquake,local 0 s,cloud 3 min,404,25920,25920,367.1,401.1,48.1,17131.3,86397.7,0,756,0,5401,151,4,545.1,3254.3,3352.8,1021.4,457.2,3082.0,64088.6,86627.9,61407.1,0,0,0,0,0
earthquake,local 0 s,cloud 10 min,101,24769,24769,349.8,385.0,48.18,15508.4,86382.2,0,1165,0,5167,97,1,167.1,775.5,2976.8,29.9,419.0,2864.2,54377.8,86517.6,56239.4,0,0,0,0,0
earthquake,local 0 s,cloud 10 min,202,26048,26048,350.0,395.1,48.27,16684.1,86404.5,0,1127,0,5249,137,2,478.9,2981.2,3189.8,400.0,435.5,3032.9,59280.7,86558.0,60370.5,0,0,0,0,0
earthquake,local 0 s,cloud 10 min,303,26881,26881,360.2,385.8,48.2,15821.4,86384.5,0,1258,0,5216,105,2,431.4,3092.8,3274.5,497.7,501.0,3102.6,54280.1,86529.3,56798.5,0,0,0,0,0
earthquake,local 0 s,cloud 10 min,404,28782,28782,376.1,390.5,48.11,15827.6,86384.1,0,1256,0,5401,151,4,639.0,3689.3,3787.8,1317.6,560.2,3518.7,60383.2,86586.2,56230.4,0,0,0,0,0
earthquake,local 1 min,cloud 1 min,101,22018,22018,352.6,384.2,48.18,16036.5,86346.4,0,686,0,5167,97,1,140.0,610.5,2811.8,29.9,374.3,2687.4,55934.9,86522.5,58382.9,0,0,0,0,0
earthquake,local 1 min,cloud 1 min,202,23171,23171,359.1,388.0,48.32,16546.1,86371.0,0,711,0,5249,137,2,439.5,2876.2,3069.8,220.0,402.1,2912.3,59321.5,86517.6,60015.2,0,0,0,0,0
earthquake,local 1 min,cloud 1 min,303,23949,23949,367.2,384.5,48.2,16281.0,86363.8,0,748,0,5216,105,2,381.3,2912.8,3124.5,325.2,456.9,2953.0,55611.4,86522.1,58693.0,0,0,0,0,0
earthquake,local 1 min,cloud 1 min,404,24320,24320,377.6,392.8,48.11,16625.0,86370.2,0,745,0,5401,151,4,520.9,3149.3,3247.8,908.9,432.1,2977.0,62674.4,86593.2,59638.4,0,0,0,0,0
earthquake,local 1 min,cloud 3 min,101,23046,23046,348.6,387.2,48.12,16257.6,86360.6,0,698,0,5167,97,1,153.0,730.5,2916.8,29.9,398.8,2810.0,56267.7,86529.9,59106.1,0,0,0,0,0
earthquake,local 1 min,cloud 3 min,202,24997,24997,351.2,395.3,48.31,17032.0,86401.6,0,722,0,5249,137,2,470.0,2966.2,3174.8,392.5,425.0,3017.2,60484.3,86543.9,61721.9,0,0,0,0,0
earthquake,local 1 min,cloud 3 min,303,25567,25567,358.8,390.5,48.2,16724.1,86391.1,0,761,0,5216,105,2,407.1,3032.8,3214.5,460.2,484.7,3054.0,56457.1,86559.3,60270.4,0,0,0,0,0
earthquake,local 1 min,cloud 3 min,404,26284,26284,369.2,398.9,48.11,17129.8,86409.8,0,756,0,5401,151,4,545.2,3254.3,3352.8,1021.4,457.2,3082.0,64092.2,86642.9,61401.4,0,0,0,0,0
earthquake,local 1 min,cloud 10 min,101,25076,25076,350.7,384.5,48.11,15507.4,86390.3,0,1167,0,5167,97,1,167.1,775.5,2976.8,29.9,419.2,2864.2,54389.9,86572.1,56235.8,0,0,0,0,0
earthquake,local 1 min,cloud 10 min,202,26870,26870,350.9,394.0,48.31,16689.4,86420.8,0,1123,0,5249,137,2,495.7,3041.2,3264.8,452.5,448.4,3098.9,59173.2,86590.3,60331.4,0,0,0,0,0
earthquake,local 1 min,cloud 10 min,303,27099,27099,359.6,386.4,48.2,15850.0,86384.5,0,1258,0,5216,105,2,432.7,3092.8,3274.5,497.7,501.1,3102.6,54386.7,86530.2,56907.7,0,0,0,0,0
earthquake,local 1 min,cloud 10 min,404,29018,29018,375.4,391.1,48.12,15956.3,86391.7,0,1253,0,5401,151,4,639.0,3689.3,3787.8,1317.6,560.1,3518.7,60701.0,86674.2,56699.6,0,0,0,0,0
earthquake,local 5 min,cloud 1 min,101,22656,22656,368.9,368.7,48.17,16024.8,86328.7,0,686,0,5167,97,1,140.3,610.5,2811.8,29.9,374.5,2687.4,55824.5,86678.1,58337.8,0,0,0,0,0
earthquake,local 5 min,cloud 1 min,202,23515,23515,374.9,373.8,48.39,16526.3,86357.5,0,711,0,5249,137,2,438.8,2876.2,3069.8,220.0,402.1,2912.3,59313.7,86632.3,59944.4,0,0,0,0,0
earthquake,local 5 min,cloud 1 min,303,24799,24799,379.5,370.4,48.48,16265.7,86385.9,0,748,0,5216,105,2,381.7,2912.8,3124.5,325.2,457.2,2953.0,55563.8,86642.7,58635.6,0,0,0,0,0
earthquake,local 5 min,cloud 1 min,404,24502,24502,393.6,377.3,48.21,16601.7,86345.0,0,745,0,5401,151,4,520.9,3149.3,3247.8,908.9,432.5,2977.0,62575.7,86808.0,59550.4,0,0,0,0,0
earthquake,local 5 min,cloud 3 min,101,24056,24056,361.9,376.3,48.15,16270.9,86404.2,0,698,0,5167,97,1,153.3,730.5,2916.8,29.9,399.1,2810.0,56264.6,86723.6,59155.0,0,0,0,0,0
earthquake,local 5 min,cloud 3 min,202,25498,25498,364.2,384.3,48.25,17025.7,86445.1,0,722,0,5249,137,2,469.0,2966.2,3174.8,392.5,424.9,3017.2,60530.8,86707.2,61698.1,0,0,0,0,0
earthquake,local 5 min,cloud 3 min,303,26656,26656,369.0,380.9,48.48,16724.2,86451.7,0,761,0,5216,105,2,407.4,3032.8,3214.5,460.2,485.1,3054.0,56464.7,86730.3,60269.2,0,0,0,0,0
earthquake,local 5 min,cloud 3 min,404,26929,26929,383.0,387.2,48.21,17122.8,86478.1,0,756,0,5401,151,4,545.2,3254.3,3352.8,1021.4,457.6,3082.0,64023.1,86742.7,61371.6,0,0,0,0,0
earthquake,local 5 min,cloud 10 min,101,26724,26724,355.8,381.3,48.17,15517.1,86480.2,0,1187,0,5167,97,1,167.2,775.5,2976.8,29.9,419.9,2864.2,54409.4,86707.1,56268.4,0,0,0,0,0
earthquake,local 5 min,cloud 10 min,202,27812,27812,355.6,389.8,48.34,16756.1,86550.9,0,1122,0,5249,137,2,476.5,2966.2,3189.8,392.5,433.6,3021.1,59566.7,86785.9,60641.6,0,0,0,0,0
earthquake,local 5 min,cloud 10 min,303,28528,28528,363.6,380.9,48.2,15870.2,86440.8,0,1265,0,5216,105,2,432.5,3092.8,3274.5,497.7,501.7,3102.6,54595.7,86696.8,56974.6,0,0,0,0,0
earthquake,local 5 min,cloud 10 min,404,30277,30277,384.1,384.6,48.21,15827.4,86454.8,0,1277,0,5401,151,4,638.0,3685.5,3787.8,1313.9,560.4,3518.7,60371.9,86758.0,56228.6,0,0,0,0,0
