notice,intent,seed,sla_breaches,sla_breaches_as_submitted,cloud_hours,local_hours,drained_hours,mean_wait_s,p95_wait_s,jobs_reprioritised,overload_decisions,accepted_breach_cycles,events,exposing_events,exposing_high_events,ttl_exposing_mean_s,ttl_exposing_p95_s,ttl_exposing_max_s,ttl_exposing_high_mean_s,ttl_all_mean_s,ttl_all_p95_s,ttp_exposing_mean_s,ttp_exposing_p95_s,ttp_all_mean_s,exposing_ever_decayed,exposing_promoted,decayed_events,promoted_events,harmless_kept_events,encounter.decisions,encounter.in_time_share,encounter.never,encounter.unwinnable,encounter.latency_p50_s,encounter.slack_p50_s,encounter warned.decisions,encounter warned.in_time_share,encounter warned.never,encounter warned.unwinnable,encounter warned.latency_p50_s,encounter warned.slack_p50_s,encounter reroute.decisions,encounter reroute.in_time_share,encounter reroute.never,encounter reroute.unwinnable,encounter reroute.latency_p50_s,encounter reroute.slack_p50_s,the day's own.decisions,the day's own.in_time_share,the day's own.never,the day's own.unwinnable,the day's own.latency_p50_s,the day's own.slack_p50_s
30 s,off,101,26,26,55.9,279.4,24.05,626.4,4474.1,0,0,0,2282,98,10,52.4,157.6,248.6,53.1,48.8,137.8,1960.5,5591.2,2253.3,0,0,0,0,0,40,0,0,0,42.235,,40,0,0,0,58.203,,40,0,0,40,42.235,,753,0.9428950863213812,0,14,36.168,745.807253466
30 s,off,202,13,13,52.3,278.6,24.0,389.0,2501.1,0,2,0,2205,94,10,48.6,130.5,175.4,68.5,47.5,136.9,1243.7,3010.8,1343.2,0,0,0,0,0,40,0,0,0,38.578,,40,0,0,0,58.544,,40,0,0,40,38.578,,696,0.9497126436781609,0,14,35.429,764.033124391
30 s,off,303,9,9,54.1,277.9,24.01,1213.7,8695.2,0,0,0,2246,110,4,47.2,134.2,198.7,96.7,47.8,144.2,4545.9,9317.8,4361.9,0,0,0,0,0,40,0,0,0,37.185,,40,0,2,0,42.364,,40,0,0,40,37.185,,751,0.9227696404793608,0,21,36.818,724.584160936
30 s,off,404,10,10,60.2,278.6,24.0,522.1,3734.3,0,0,0,2252,95,7,49.8,137.5,214.2,73.3,50.5,139.8,1874.0,4608.6,1842.3,0,0,0,0,0,40,0,0,0,38.179,,40,0,0,0,55.71,,40,0,0,40,38.179,,741,0.9203778677462888,0,26,38.131,792.719532906
30 s,decay,101,1491,4253,49.0,280.5,24.06,1125.8,9127.5,12019,0,95,2282,98,10,45.6,113.9,204.1,45.6,41.4,91.3,394.2,927.2,2504.5,10,0,1604,0,590,40,0,0,0,38.958,,40,0,0,0,55.827,,40,0,0,40,38.958,,753,0.9455511288180611,0,14,35.539,759.783189567
30 s,decay,202,1248,3502,43.2,280.0,24.0,903.2,6061.3,11093,0,93,2205,94,10,40.3,95.7,160.4,56.5,41.1,92.2,519.2,820.8,2082.9,4,0,1546,0,569,40,0,0,0,36.505,,40,0,0,0,44.004,,40,0,0,40,36.505,,696,0.9525862068965517,0,14,35.176,764.033124391
30 s,decay,303,1563,3974,47.9,280.8,24.14,1741.1,16052.2,11775,0,136,2246,110,4,39.8,98.2,138.7,70.4,40.9,97.5,1499.6,17402.0,3780.5,12,0,1578,0,570,40,0,0,0,32.761,,40,0,2,0,39.612,,40,0,0,40,32.761,,751,0.9254327563249002,0,21,35.374,729.207489039
30 s,decay,404,1607,3774,49.9,279.0,24.0,1264.6,9174.7,11747,0,120,2252,95,7,40.0,83.6,113.1,43.3,41.5,95.1,766.3,1771.1,2840.8,7,0,1587,0,577,40,0,0,0,34.783,,40,0,0,0,40.347,,40,0,0,40,34.783,,741,0.9271255060728745,0,26,35.475,796.383519525
30 s,"decay, oracle",101,2647,13273,40.1,285.2,24.51,2015.9,8330.9,25722,0,227,2282,98,10,35.0,59.9,91.7,35.1,723.2,5966.9,117.3,291.2,2966.9,0,0,2094,0,90,40,0,0,0,32.448,,40,0,0,0,38.753,,40,0,0,40,32.448,,753,0.949535192563081,0,14,30.908,661.971230971
30 s,"decay, oracle",202,2430,11912,33.5,283.1,24.22,1840.8,7731.8,24827,0,209,2205,94,10,32.8,61.6,178.8,44.5,637.9,5754.1,114.5,291.5,2754.1,0,0,2022,0,89,40,0,0,0,28.768,,40,0,0,0,35.951,,40,0,0,40,28.768,,696,0.9540229885057471,0,14,30.894,645.173592148
30 s,"decay, oracle",303,3065,12126,38.7,286.1,24.57,2566.7,10755.4,24874,0,306,2246,110,4,33.8,64.5,107.4,44.2,944.5,8778.2,129.9,317.4,3797.6,0,0,2041,0,95,40,0,0,0,30.86,,40,0,3,0,37.627,,40,0,0,40,30.86,,751,0.9320905459387483,0,21,32.247,645.290532539
30 s,"decay, oracle",404,2733,12288,40.5,280.7,24.04,2170.4,9151.6,25101,0,222,2252,95,7,33.5,70.4,124.2,32.6,798.9,7220.9,135.9,408.3,3205.0,0,0,2061,0,96,40,0,0,0,30.49,,40,0,0,0,35.103,,40,0,0,40,30.49,,741,0.9406207827260459,0,26,30.377,719.993774846
60 s,off,101,28,28,55.9,279.2,24.05,612.1,4369.0,0,0,0,2282,98,6,53.4,166.7,248.6,43.3,49.2,139.1,2005.8,5542.2,2197.3,0,0,0,0,0,40,0.175,0,0,42.857,6.245058463,40,0.1,1,0,72.577,2.025065142,40,0,0,34,42.857,,753,0.9428950863213812,0,14,36.5,748.854042958
60 s,off,202,11,11,53.4,278.9,24.0,360.6,2325.7,0,2,0,2205,94,8,49.9,130.5,173.4,48.2,47.8,138.6,1152.8,2700.8,1240.0,0,0,0,0,0,40,0.25,0,0,39.051,6.373888988,40,0.175,1,0,53.551,5.363750337,40,0,0,34,39.051,,696,0.9511494252873564,0,14,35.657,762.907123193
60 s,off,303,10,10,54.3,278.1,24.01,1207.8,8677.1,0,0,0,2246,110,1,43.5,140.1,170.7,21.0,47.2,142.5,4493.5,9332.8,4343.1,0,0,0,0,0,40,0.45,0,0,31.357,8.983420895,40,0.25,0,0,51.152,8.983420895,40,0,0,34,31.357,,751,0.9227696404793608,0,21,36.459,724.584160936
60 s,off,404,10,10,62.1,278.4,24.0,355.9,2476.9,0,0,0,2252,95,6,48.0,143.1,214.2,69.9,48.9,137.8,1228.7,3131.4,1230.5,0,0,0,0,0,40,0.375,0,0,38.359,5.128549566,40,0.275,2,0,42.86,7.582508424,40,0,0,34,38.359,,741,0.9230769230769231,0,26,38.131,792.719532906
60 s,decay,101,1494,4204,48.2,280.7,24.06,1178.6,9427.5,11979,0,101,2282,98,6,45.9,113.6,204.1,35.8,41.6,91.9,546.5,1062.6,2629.4,8,0,1609,0,583,40,0.2,0,0,39.443,4.210321422,40,0.125,1,0,54.476,4.210321422,40,0,0,34,39.443,,753,0.9482071713147411,0,14,35.887,758.589758754
60 s,decay,202,1333,3662,43.2,279.9,24.0,920.8,6375.5,11211,0,110,2205,94,8,42.1,91.2,158.4,40.7,41.1,91.2,536.3,843.7,2108.8,5,0,1543,0,573,40,0.3,0,0,38.039,5.949982237,40,0.2,1,0,48.447,5.363750337,40,0,0,34,38.039,,696,0.9525862068965517,0,14,34.482,764.033124391
60 s,decay,303,1581,3942,48.1,280.7,24.05,1716.3,16283.1,11719,0,125,2246,110,1,39.3,102.9,127.7,21.0,40.9,97.5,1245.2,4345.9,3720.0,10,0,1581,0,565,40,0.4,0,0,35.091,8.048975133,40,0.175,0,0,70.122,8.983420895,40,0,0,34,35.091,,751,0.9241011984021305,0,21,34.966,724.584160936
60 s,decay,404,1538,3813,49.8,278.9,24.0,1233.7,9894.9,11664,0,122,2252,95,6,41.7,93.8,174.8,54.9,41.7,98.0,720.8,1411.1,2707.3,8,0,1575,0,590,40,0.35,0,0,36.372,4.956016989,40,0.225,2,0,42.86,7.582508424,40,0,0,34,36.372,,741,0.9284750337381916,0,26,35.858,792.719532906
60 s,"decay, oracle",101,2661,13280,40.2,285.1,24.51,2015.8,8402.0,25732,0,223,2282,98,6,35.2,62.1,99.1,28.3,739.5,5956.3,120.9,294.2,2978.4,0,0,2092,0,92,40,0.475,0,0,30.11,6.07846009,40,0.25,1,0,42.137,5.677705764,40,0,0,34,30.11,,753,0.953519256308101,0,14,31.389,661.107247797
60 s,"decay, oracle",202,2453,12056,34.1,282.9,24.27,1828.1,7532.6,24866,0,223,2205,94,8,33.3,68.4,90.0,35.0,635.0,5629.8,116.6,299.8,2731.6,0,0,2022,0,89,40,0.375,0,0,33.447,6.373888988,40,0.175,1,0,41.396,5.363750337,40,0,0,34,33.447,,696,0.9554597701149425,0,14,30.874,657.743898231
60 s,"decay, oracle",303,3037,12104,38.9,286.1,24.61,2549.4,10572.5,24824,0,301,2246,110,1,31.5,52.7,115.1,21.0,922.0,8520.8,129.0,325.1,3759.4,0,0,2040,0,96,40,0.525,0,0,29.134,8.983420895,40,0.325,0,0,32.627,9.597611249,40,0,0,34,29.134,,751,0.9280958721704394,0,21,31.408,656.786537932
60 s,"decay, oracle",404,2777,12359,40.4,280.6,24.06,2180.6,9154.9,25163,0,234,2252,95,6,32.7,66.8,124.2,42.4,762.4,6992.1,125.5,279.8,3215.2,0,0,2060,0,97,40,0.55,0,0,27.187,7.258129907,40,0.375,2,0,34.651,8.423506872,40,0.025,0,34,27.187,2.8,741,0.9392712550607287,0,26,29.655,709.876509613
120 s,off,101,33,33,55.9,279.1,24.05,632.1,4508.7,0,0,0,2282,98,11,50.1,157.6,248.6,40.6,48.8,139.8,2025.0,5369.7,2271.4,0,0,0,0,0,40,0.9,0,0,38.085,52.617766766,40,0.55,0,0,64.373,51.915558964,40,0.3,0,21,38.085,19.9,753,0.9428950863213812,0,14,36.24,758.589758754
120 s,off,202,14,14,53.6,278.3,24.0,353.7,2245.4,0,2,0,2205,94,5,44.8,129.5,160.7,72.8,47.4,138.1,1145.2,2684.8,1217.2,0,0,0,0,0,40,0.925,0,0,35.375,55.514876123,40,0.625,0,0,59.05,57.727080414,40,0.325,0,20,35.375,32.4,696,0.9482758620689655,0,14,34.77,766.724782604
120 s,off,303,7,7,53.9,278.3,24.01,1190.1,8538.4,0,0,0,2246,110,4,42.2,119.2,152.2,38.4,47.1,141.2,4333.9,9063.4,4272.3,0,0,0,0,0,40,0.925,0,0,34.285,56.550026386,40,0.7,0,0,41.034,55.715556984,40,0.3,0,20,34.285,31.2,751,0.9227696404793608,0,21,37.748,724.584160936
120 s,off,404,10,10,61.8,278.3,24.0,412.2,2896.0,0,0,0,2252,95,3,46.3,127.3,214.2,50.6,49.4,139.6,1392.5,3551.5,1438.0,0,0,0,0,0,40,0.85,0,0,31.749,60.916363526,40,0.6,0,0,43.339,61.32742597,40,0.275,0,24,31.749,32.8,741,0.9203778677462888,0,26,37.579,792.719532906
120 s,decay,101,1497,4314,48.6,280.6,24.06,1198.2,9526.8,12109,0,100,2282,98,11,44.3,106.7,204.1,33.8,41.4,93.0,439.2,2375.8,2651.0,10,0,1615,0,579,40,0.925,0,0,36.477,53.580294423,40,0.625,0,0,43.385,53.94886146,40,0.3,0,21,36.477,19.9,753,0.949535192563081,0,14,34.474,754.163919971
120 s,decay,202,1214,3610,43.3,279.4,24.0,868.4,6329.8,11099,0,93,2205,94,5,39.9,80.6,190.7,75.8,41.2,91.1,506.0,862.8,1980.8,6,0,1543,0,574,40,0.975,0,0,34.486,55.514876123,40,0.625,0,0,63.91,56.580266402,40,0.35,0,20,34.486,32.4,696,0.9540229885057471,0,14,34.77,763.659688508
120 s,decay,303,1488,3924,47.9,280.6,24.03,1695.3,16604.8,11708,0,128,2246,110,4,37.2,61.2,132.9,27.2,40.7,97.2,1258.0,4345.9,3684.2,9,0,1584,0,561,40,1,0,0,35.202,54.252823389,40,0.75,0,0,40.918,54.252823389,40,0.325,0,20,35.202,31.2,751,0.9254327563249002,0,21,35.374,724.584160936
120 s,decay,404,1596,3829,50.1,279.3,24.0,1253.8,9986.6,11712,0,116,2252,95,3,38.9,85.4,172.3,25.6,41.5,97.5,723.7,1960.4,2807.8,8,0,1599,0,566,40,0.975,0,0,29.139,60.861952363,40,0.8,0,0,35.306,57.114321817,40,0.3,0,24,29.139,24.9,741,0.9284750337381916,0,26,36.376,796.383519525
120 s,"decay, oracle",101,2690,13201,40.0,285.3,24.51,2053.2,8562.6,25755,0,234,2282,98,11,33.6,53.9,76.5,29.7,771.1,6167.1,112.5,291.2,3018.3,0,0,2090,0,94,40,1,0,0,33.976,55.676531276,40,0.825,0,0,36.27,54.532546817,40,0.325,0,21,33.976,20.7,753,0.953519256308101,0,14,31.035,661.107247797
120 s,"decay, oracle",202,2380,12066,34.1,281.8,24.17,1729.3,7242.2,24854,0,216,2205,94,5,32.0,54.5,90.0,33.8,567.8,4924.5,109.6,259.7,2602.9,0,0,2022,0,89,40,1,0,0,29.05,60.30723117,40,0.85,0,0,39.146,54.369024887,40,0.45,0,20,29.05,29.4,696,0.9525862068965517,0,14,31.148,651.632818062
120 s,"decay, oracle",303,3021,12187,39.0,285.4,24.45,2505.2,10432.0,24848,0,292,2246,110,4,32.7,55.9,101.0,27.2,898.7,8406.0,128.9,344.2,3701.2,0,0,2039,0,97,40,0.975,0,0,31.967,58.033175529,40,0.775,0,0,40.918,54.252823389,40,0.35,0,20,31.967,31.2,751,0.9307589880159787,0,21,32.55,657.011350665
120 s,"decay, oracle",404,2788,12281,40.3,281.0,24.05,2202.3,9312.5,25109,0,228,2252,95,3,33.0,67.3,109.2,25.6,815.3,7223.3,118.5,282.1,3249.3,0,0,2060,0,97,40,1,0,0,29.139,60.320671478,40,0.9,0,0,33.866,58.251404953,40,0.325,0,24,29.139,17,741,0.9406207827260459,0,26,29.815,711.367726061
300 s,off,101,30,30,59.4,279.2,24.05,362.2,2317.2,0,0,0,2282,98,13,49.2,166.7,248.6,39.1,48.5,138.2,1125.5,3090.9,1265.5,0,0,0,0,0,40,1,0,0,39.03,229.958651201,40,0.75,0,0,43.494,229.733092582,40,0.75,0,9,39.03,183.9,753,0.9455511288180611,0,14,36.186,745.807253466
300 s,off,202,13,13,52.8,278.6,24.0,419.5,2694.5,0,2,0,2205,94,4,43.9,118.8,151.2,43.8,47.4,135.1,1302.9,3446.7,1456.1,0,0,0,0,0,40,1,0,0,37.473,230.751454149,40,0.8,0,0,44.779,229.019159049,40,0.825,0,6,37.473,177.2,696,0.9511494252873564,0,14,35.152,763.659688508
300 s,off,303,5,5,53.2,278.0,24.01,1213.9,8547.1,0,0,0,2246,110,4,44.1,126.0,178.9,31.2,47.4,139.8,4600.0,8985.9,4367.1,0,0,0,0,0,40,1,0,0,36.099,233.620573295,40,0.625,1,0,55.81,233.901693768,40,0.65,0,12,36.099,188.7,751,0.9241011984021305,0,21,38.117,724.584160936
300 s,off,404,10,10,58.5,278.6,24.0,664.1,5023.3,0,0,0,2252,95,8,45.7,123.8,214.2,32.3,50.7,134.8,2449.8,6110.0,2367.0,0,0,0,0,0,40,1,0,0,37.454,232.525766818,40,0.725,0,0,50.83,225.9854635,40,0.7,0,11,37.454,143.8,741,0.921727395411606,0,26,37.561,792.719532906
300 s,decay,101,1555,4232,48.6,280.9,24.06,1188.7,9204.5,11961,0,116,2282,98,13,42.8,102.8,202.6,36.8,41.7,95.4,426.1,1067.6,2659.2,10,0,1601,0,593,40,1,0,0,38.215,231.510824265,40,0.85,1,0,41.095,229.413381195,40,0.75,0,9,38.215,192.8,753,0.9468791500664011,0,14,34.806,759.783189567
300 s,decay,202,1268,3530,42.9,279.9,24.0,878.5,6376.9,11150,0,99,2205,94,4,38.0,90.0,125.7,40.0,40.3,87.3,485.0,760.8,2017.4,4,0,1553,0,562,40,1,0,0,31.174,236.67084999,40,0.9,0,0,40.981,229.614340039,40,0.85,0,6,31.174,187.3,696,0.9525862068965517,0,14,34.111,764.033124391
300 s,decay,303,1543,4013,47.3,281.3,24.14,1745.2,15696.2,11762,0,129,2246,110,4,37.0,69.1,102.9,38.7,40.4,88.5,1066.2,1441.5,3742.7,8,0,1575,0,569,40,1,0,0,34.417,235.482754706,40,0.775,1,0,43.43,233.746837399,40,0.675,0,12,34.417,187,751,0.9254327563249002,0,21,35.45,728.324198319
300 s,decay,404,1641,3790,49.6,279.3,24.0,1228.3,9075.0,11779,0,133,2252,95,8,38.8,79.8,93.8,34.1,41.9,97.7,956.5,2005.4,2811.1,8,0,1598,0,567,40,1,0,0,36.258,232.600666289,40,0.85,0,0,43.255,228.683402652,40,0.7,0,11,36.258,174.9,741,0.9298245614035088,0,26,34.658,792.719532906
300 s,"decay, oracle",101,2683,13208,40.4,285.0,24.48,1995.8,8320.8,25671,0,242,2282,98,13,34.5,68.0,128.9,26.4,706.3,5876.2,118.7,313.1,2955.2,0,0,2094,0,90,40,1,0,0,27.15,242.234317787,40,0.95,1,0,43.396,226.604979732,40,0.75,0,9,27.15,192.8,753,0.952191235059761,0,14,30.716,645.771879918
300 s,"decay, oracle",202,2415,12067,33.8,282.3,24.24,1787.5,7512.2,24908,0,211,2205,94,4,31.3,53.9,75.0,36.3,614.2,5495.1,115.2,223.8,2668.3,0,0,2023,0,88,40,1,0,0,27.854,242.124056877,40,1,0,0,39.599,230.222886461,40,0.85,0,6,27.854,188.7,696,0.9525862068965517,0,14,31.111,650.683923977
300 s,"decay, oracle",303,3027,12238,38.8,285.6,24.48,2484.4,10337.4,24927,0,295,2246,110,4,35.0,59.2,127.1,27.5,897.0,8355.4,133.0,352.3,3660.4,0,0,2042,0,94,40,1,0,0,34.417,235.482754706,40,0.95,1,0,40.965,229.035441583,40,0.675,0,12,34.417,182.8,751,0.929427430093209,0,21,32.953,642.011350665
300 s,"decay, oracle",404,2810,12411,40.1,281.3,24.11,2222.9,9449.0,25121,0,229,2252,95,8,31.0,68.1,124.2,36.0,808.2,7098.6,125.3,260.0,3286.7,0,0,2059,0,98,40,1,0,0,29.015,240.331989657,40,1,0,0,29.738,240.172581832,40,0.7,0,11,29.015,174.9,741,0.941970310391363,0,26,28.826,710.11950753
