intent,knowledge,seed,sla_breaches,sla_breaches_as_submitted,cloud_hours,local_hours,drained_hours,mean_wait_s,p95_wait_s,jobs_reprioritised,overload_decisions,accepted_breach_cycles,events,exposing_events,exposing_high_events,ttl_exposing_mean_s,ttl_exposing_p95_s,ttl_exposing_max_s,ttl_exposing_high_mean_s,ttl_all_mean_s,ttl_all_p95_s,ttp_exposing_mean_s,ttp_exposing_p95_s,ttp_all_mean_s,exposing_ever_decayed,exposing_promoted,decayed_events,promoted_events,harmless_kept_events
off,estimate,101,1733,1733,63.4,26.4,8.09,1778.2,10667.6,0,51,0,688,11,0,88.0,373.8,373.8,,94.5,456.6,3302.1,18716.1,3445.1,0,0,0,0,0
off,estimate,202,2110,2110,56.7,29.5,12.5,3767.1,26511.9,0,56,0,708,44,1,104.5,467.1,518.7,29.0,144.7,495.9,4864.0,21729.0,7281.4,0,0,0,0,0
off,estimate,303,1817,1817,56.6,26.7,9.19,2214.9,14963.1,0,53,0,685,9,0,69.2,359.7,359.7,,136.5,480.8,3140.9,12425.4,4261.3,0,0,0,0,0
off,estimate,404,950,950,61.5,29.7,10.64,2758.4,19706.9,0,40,0,701,43,0,77.0,177.4,1684.5,,78.9,383.5,6837.5,29709.9,5518.4,0,0,0,0,0
off,estimate,505,2119,2119,64.8,28.0,10.47,2749.0,19533.0,0,65,0,721,6,0,110.0,417.6,417.6,,198.8,479.5,6335.0,28450.0,5512.9,0,0,0,0,0
off,estimate,606,1391,1391,63.5,28.6,10.15,2553.0,18451.7,0,44,0,690,16,1,71.4,404.8,404.8,29.9,132.0,408.7,5669.3,25986.0,5139.5,0,0,0,0,0
decay,estimate,101,1309,1669,92.4,18.4,2.0,515.0,1932.4,4251,46,0,688,11,0,66.2,388.8,388.8,,72.6,377.7,446.6,2060.5,888.5,2,0,630,0,34
decay,estimate,202,1673,2003,88.5,17.3,2.01,568.1,2251.3,3224,59,0,708,44,1,94.3,434.4,460.3,29.0,91.2,435.3,749.2,1223.7,925.6,5,0,409,0,251
decay,estimate,303,1365,1768,72.6,19.5,2.17,518.2,1770.0,4616,73,0,685,9,0,65.9,359.7,359.7,,82.0,383.6,462.5,1594.9,883.3,1,0,624,0,48
decay,estimate,404,543,912,81.6,20.1,2.1,431.9,1790.9,3309,39,0,701,43,0,43.5,61.3,769.5,,61.7,339.7,273.1,761.8,736.4,4,0,467,0,184
decay,estimate,505,1436,1806,94.9,18.8,2.0,589.0,2264.5,4778,60,0,721,6,0,97.5,417.6,417.6,,76.7,390.7,317.5,784.0,966.8,0,0,653,0,55
decay,estimate,606,769,1300,85.4,19.8,2.05,434.0,1803.6,3687,41,0,690,16,1,67.7,374.8,374.8,29.9,55.9,328.8,421.1,1256.8,739.6,3,0,585,0,81
decay,truth,101,239,1218,88.3,18.2,2.0,605.1,2249.6,4723,29,0,688,11,0,32.1,148.8,148.8,,213.8,1735.3,127.5,350.5,989.6,0,0,666,0,11
decay,truth,202,115,1129,70.7,17.5,2.01,623.8,2308.6,4827,28,0,708,44,1,48.6,209.4,227.1,29.0,275.2,1957.8,399.4,659.1,969.7,0,0,576,0,88
decay,truth,303,348,1702,64.5,18.2,2.02,644.4,2120.9,5264,34,0,685,9,0,42.5,254.7,254.7,,413.4,2015.5,104.2,359.7,940.6,0,0,662,0,14
decay,truth,404,91,943,79.2,19.9,2.0,438.3,1893.4,4365,22,0,701,43,0,20.5,45.8,124.5,,174.4,1398.7,53.3,131.8,735.5,0,0,630,0,28
decay,truth,505,359,1755,51.5,20.5,2.37,964.0,3350.9,6135,50,0,721,6,0,47.5,177.6,177.6,,350.7,1928.3,167.5,357.6,1627.4,0,0,691,0,24
decay,truth,606,39,1079,76.7,19.8,2.1,484.7,1998.9,4484,18,0,690,16,1,39.6,149.8,149.8,29.9,182.4,1435.3,183.0,389.8,794.1,0,0,662,0,12
"decay, final",estimate,101,718,1650,61.0,28.8,10.98,3042.8,21089.3,4534,27,0,688,11,0,60.7,388.8,388.8,,63.5,357.3,2155.3,15469.6,5697.0,2,0,591,0,77
"decay, final",estimate,202,1600,2400,53.4,32.7,15.73,5849.2,38971.5,3778,43,0,708,44,1,96.0,434.4,460.3,29.0,94.5,435.3,936.7,2209.2,10689.6,4,0,421,0,243
"decay, final",estimate,303,995,1827,53.6,29.7,12.09,3666.2,25512.4,4507,31,0,685,9,0,64.2,359.7,359.7,,79.0,376.8,197.5,629.7,7133.5,0,0,615,0,57
"decay, final",estimate,404,421,957,61.3,29.8,10.73,2759.9,20296.0,3735,24,0,701,43,0,43.2,123.9,559.5,,61.6,331.4,1927.2,17568.9,5295.0,4,0,468,0,189
"decay, final",estimate,505,989,2094,60.3,32.6,15.14,5541.2,37102.5,4750,36,0,721,6,0,95.0,417.6,417.6,,76.6,388.1,270.0,717.6,10944.9,0,0,616,0,96
"decay, final",estimate,606,641,1410,62.2,29.9,11.39,3184.1,23173.2,4252,24,0,690,16,1,68.6,374.8,374.8,29.9,58.2,326.8,1836.8,22497.2,6286.7,4,0,578,0,94
"decay, final",truth,101,3,1497,61.1,28.6,10.79,2928.0,19852.1,5380,18,0,688,11,0,32.1,148.8,148.8,,1027.5,2836.0,73.0,253.8,4767.5,0,0,651,0,26
"decay, final",truth,202,503,3097,35.1,36.4,19.52,9105.6,51407.3,5897,23,0,708,44,1,89.5,310.3,359.4,29.0,2543.4,9485.2,353.1,587.1,15929.4,0,0,549,0,115
"decay, final",truth,303,1,2032,36.2,31.6,14.39,5268.7,33303.5,6139,10,0,685,9,0,40.9,239.7,239.7,,1562.8,3267.2,87.5,314.7,8754.8,0,0,661,0,15
"decay, final",truth,404,0,2003,36.5,33.9,14.92,5418.5,34778.4,6000,8,0,701,43,0,25.0,45.8,254.5,,1538.4,3541.6,65.5,181.3,9328.0,0,0,626,0,32
"decay, final",truth,505,0,2774,36.0,35.4,17.96,7864.4,46385.3,6535,17,0,721,6,0,65.0,267.6,267.6,,1823.2,4833.0,152.5,372.6,14669.6,0,0,688,0,27
"decay, final",truth,606,36,2163,36.0,32.9,15.1,5650.8,36142.3,6085,14,0,690,16,1,74.3,269.8,269.8,44.9,1958.1,3420.3,216.8,399.5,9781.0,0,0,663,0,11
"decay, restored exempt",estimate,101,1367,1807,60.8,29.0,7.88,2047.6,13535.6,5406,42,32,688,11,0,71.6,388.8,388.8,,76.0,377.7,1860.7,12634.6,3783.7,2,0,630,0,38
"decay, restored exempt",estimate,202,1790,2106,53.0,33.1,11.03,3317.6,24152.4,4282,43,50,708,44,1,97.0,434.4,460.3,29.0,96.1,435.3,1338.6,6724.2,5619.4,4,0,433,0,233
"decay, restored exempt",estimate,303,1435,1826,53.6,29.7,6.48,1731.4,8282.4,5414,32,64,685,9,0,67.5,359.7,359.7,,83.9,383.6,1019.2,6319.9,3402.4,1,0,639,0,37
"decay, restored exempt",estimate,404,651,966,61.3,29.8,5.49,1500.1,9744.2,4120,27,47,701,43,0,50.5,123.9,814.5,,64.6,339.7,873.4,1046.2,2703.1,3,0,471,0,187
"decay, restored exempt",estimate,505,1521,1885,60.3,32.6,8.72,2705.6,16447.2,5900,37,60,721,6,0,97.5,417.6,417.6,,79.5,390.7,365.0,799.0,5271.0,0,0,657,0,57
"decay, restored exempt",estimate,606,919,1397,62.2,29.9,6.25,1700.4,10518.9,4798,25,71,690,16,1,68.6,374.8,374.8,29.9,60.3,328.8,1218.9,11862.2,3360.0,4,0,600,0,74
"decay, restored exempt",truth,101,306,1542,61.1,28.6,5.12,1484.5,6282.6,5913,19,44,688,11,0,34.8,148.8,148.8,,414.6,2089.0,133.0,350.5,2525.1,0,0,666,0,11
"decay, restored exempt",truth,202,861,2283,35.3,36.2,13.08,4922.4,29239.9,6619,24,56,708,44,1,93.3,355.3,374.4,29.0,1616.7,6505.5,477.8,719.2,8527.8,0,0,586,0,78
"decay, restored exempt",truth,303,429,2017,36.2,31.6,9.79,3252.8,19178.1,6663,14,53,685,9,0,44.2,254.7,254.7,,1032.1,3033.4,110.9,359.7,5448.4,0,0,666,0,10
"decay, restored exempt",truth,404,462,1984,36.6,33.9,7.46,2555.1,14199.9,6559,12,66,701,43,0,29.9,45.8,314.5,,764.1,2719.7,96.5,288.9,4315.3,0,0,630,0,28
"decay, restored exempt",truth,505,541,2229,36.0,35.4,12.89,4659.5,28788.9,7034,20,50,721,6,0,67.5,267.6,267.6,,1426.2,4893.0,192.5,417.6,8286.9,0,0,693,0,22
"decay, restored exempt",truth,606,162,1908,36.1,33.0,10.54,3283.8,19858.2,6200,14,36,690,16,1,74.3,269.8,269.8,44.9,1228.2,3244.9,257.1,432.2,5583.7,0,0,664,0,10
"decay, clock restarts",estimate,101,736,1620,64.0,26.3,8.04,2883.2,21904.1,5389,31,0,688,11,0,75.7,388.8,388.8,,68.6,357.3,2193.5,19549.6,5681.3,2,0,624,0,44
"decay, clock restarts",estimate,202,1605,2086,65.5,21.0,2.99,1733.4,8165.6,4189,46,0,708,44,1,97.7,434.4,460.3,29.0,95.3,435.3,1102.4,3439.2,2883.3,4,0,422,0,244
"decay, clock restarts",estimate,303,995,1829,53.6,29.7,12.09,3672.8,27955.2,5381,31,0,685,9,0,67.5,359.7,359.7,,80.9,381.4,1490.9,11314.9,7688.1,1,0,634,0,42
"decay, clock restarts",estimate,404,470,968,61.3,29.8,10.72,2801.4,22635.7,4166,26,0,701,43,0,46.3,123.9,649.5,,63.2,331.9,1485.6,911.2,5349.8,2,0,476,0,182
"decay, clock restarts",estimate,505,1004,2217,60.3,32.6,15.0,5365.2,36953.9,5841,36,0,721,6,0,97.5,417.6,417.6,,78.8,388.1,337.5,754.0,10886.3,0,0,655,0,59
"decay, clock restarts",estimate,606,656,1391,70.4,22.3,3.29,1412.7,8709.3,4754,26,0,690,16,1,68.6,374.8,374.8,29.9,59.6,327.2,1462.7,8730.0,2739.0,5,0,595,0,79
"decay, clock restarts",truth,101,13,1528,67.1,23.0,4.6,1927.7,10203.9,5880,21,0,688,11,0,34.8,148.8,148.8,,507.9,2230.3,133.0,350.5,3432.2,0,0,662,0,15
"decay, clock restarts",truth,202,662,2305,50.8,21.0,3.06,2150.7,7880.2,6454,27,0,708,44,1,92.6,325.3,362.1,29.0,908.8,5462.2,425.7,644.2,3417.4,0,0,575,0,89
"decay, clock restarts",truth,303,1,2080,36.2,31.6,14.39,5253.0,33714.0,6646,10,0,685,9,0,42.5,239.7,239.7,,1480.3,3060.9,105.9,329.7,9027.1,0,0,664,0,12
"decay, clock restarts",truth,404,9,1994,43.5,27.4,7.82,4167.6,22920.6,6606,11,0,701,43,0,29.2,45.8,299.5,,1022.0,2881.1,90.3,271.3,7491.9,0,0,628,0,30
"decay, clock restarts",truth,505,15,2951,36.0,35.4,17.93,7850.3,47088.9,7057,17,0,721,6,0,67.5,267.6,267.6,,1837.6,4552.1,195.0,402.6,14644.2,0,0,693,0,22
"decay, clock restarts",truth,606,37,1994,47.9,21.6,3.28,1914.1,8396.0,6240,16,0,690,16,1,72.4,269.8,269.8,29.9,634.7,3251.5,256.1,432.2,3275.4,0,0,664,0,10
promote,estimate,101,2923,2087,89.3,18.4,2.0,513.7,1543.3,983,80,0,688,11,0,105.7,560.5,560.5,,136.1,733.7,542.1,1580.5,885.8,0,6,0,95,670
promote,estimate,202,5350,2737,86.2,17.3,2.02,531.1,1821.0,2687,122,0,708,44,1,206.5,931.9,998.7,29.0,226.6,960.9,649.3,1871.8,829.8,0,27,0,265,658
promote,estimate,303,3033,2163,83.3,18.5,2.02,487.6,1520.9,885,83,0,685,9,0,77.5,359.7,359.7,,125.0,487.8,707.5,1528.7,880.3,0,2,0,88,672
promote,estimate,404,2660,1530,89.6,19.9,2.01,409.9,1406.5,1169,86,0,701,43,0,74.6,372.4,1414.5,,101.0,499.3,552.8,1421.8,738.0,0,21,0,130,652
promote,estimate,505,3860,2517,99.9,18.8,2.0,556.8,1749.6,1369,108,0,721,6,0,107.5,462.6,462.6,,136.7,548.9,835.0,1624.0,982.0,0,3,0,154,709
promote,estimate,606,2068,1673,86.9,19.9,2.03,421.1,1343.1,397,64,0,690,16,1,78.9,419.8,419.8,29.9,91.2,453.4,401.4,1194.0,781.8,0,10,0,48,672
promote,truth,101,1799,1777,63.6,26.1,7.79,1671.4,9572.6,38,52,0,688,11,0,88.0,373.8,373.8,,94.9,462.8,2869.8,17621.1,3234.3,0,2,0,3,677
promote,truth,202,2167,2167,56.8,29.4,12.43,3729.5,26286.9,47,56,0,708,44,1,97.0,464.4,533.7,29.0,146.3,505.8,4759.7,21504.0,7205.8,0,2,0,3,664
promote,truth,303,1838,1817,66.6,20.3,2.93,575.2,1467.3,21,55,0,685,9,0,69.2,359.7,359.7,,112.7,478.0,987.5,1453.7,1067.8,0,1,0,2,676
promote,truth,404,1011,998,88.5,19.2,2.0,513.7,1617.4,33,43,0,701,43,0,68.6,192.4,1684.5,,76.6,389.8,984.0,1695.0,975.3,0,2,0,3,658
promote,truth,505,2137,2119,77.7,19.4,2.07,596.9,1574.5,28,66,0,721,6,0,107.5,417.6,417.6,,112.4,478.2,1087.5,1354.0,1092.9,0,0,0,3,715
promote,truth,606,1429,1421,88.9,19.6,2.0,558.8,1700.8,24,45,0,690,16,1,71.4,404.8,404.8,29.9,84.3,411.2,817.7,1736.6,1080.4,0,1,0,2,674
"promote, exempt",estimate,101,3001,2093,69.5,20.9,2.4,588.6,1543.3,1059,76,8,688,11,0,115.3,560.5,560.5,,139.7,733.7,647.1,1580.5,1032.2,0,6,0,101,676
"promote, exempt",estimate,202,5709,2781,67.9,19.5,2.52,622.9,1964.3,3016,102,45,708,44,1,210.6,916.9,1013.7,29.0,235.9,970.8,714.1,1963.4,1007.4,0,28,0,277,663
"promote, exempt",estimate,303,3167,2211,62.6,20.9,2.23,603.0,1622.3,971,77,18,685,9,0,84.2,374.7,374.7,,132.3,499.0,1007.5,1633.7,1107.7,0,2,0,95,676
"promote, exempt",estimate,404,2979,1647,81.9,20.1,2.0,577.6,1674.2,1391,68,34,701,43,0,81.9,372.4,1714.5,,106.5,508.8,821.4,1724.6,1064.4,0,20,0,150,655
"promote, exempt",estimate,505,3961,2517,78.0,19.3,2.07,590.2,1772.1,1470,92,23,721,6,0,117.5,462.6,462.6,,139.3,548.9,910.0,1624.0,1048.2,0,3,0,157,713
"promote, exempt",estimate,606,2492,1817,86.2,19.6,2.0,597.0,1619.2,682,64,21,690,16,1,87.4,464.8,464.8,29.9,104.6,476.5,563.6,1545.0,1130.3,0,9,0,74,670
"promote, exempt",truth,101,1799,1777,63.6,26.1,7.79,1671.4,9572.6,38,52,0,688,11,0,88.0,373.8,373.8,,94.9,462.8,2869.8,17621.1,3234.3,0,2,0,3,677
"promote, exempt",truth,202,2167,2167,56.8,29.4,12.43,3729.5,26286.9,47,56,0,708,44,1,97.0,464.4,533.7,29.0,146.3,505.8,4759.7,21504.0,7205.8,0,2,0,3,664
"promote, exempt",truth,303,1849,1817,56.6,26.7,8.24,1885.5,11648.1,32,53,7,685,9,0,69.2,359.7,359.7,,129.8,480.8,2772.5,9215.4,3623.8,0,1,0,3,676
"promote, exempt",truth,404,1011,998,61.5,29.7,10.64,2758.4,19706.9,33,41,2,701,43,0,77.7,192.4,1684.5,,79.8,389.8,6830.1,29709.9,5517.2,0,2,0,3,658
"promote, exempt",truth,505,2146,2119,64.8,28.0,9.69,2437.4,16820.1,37,65,5,721,6,0,110.0,417.6,417.6,,187.7,479.5,1735.0,2651.3,4878.0,0,1,0,4,715
"promote, exempt",truth,606,1429,1421,63.5,28.6,10.15,2550.9,18436.7,24,44,1,690,16,1,73.3,404.8,404.8,29.9,133.3,412.4,5608.3,25971.0,5134.3,0,1,0,2,674
both,estimate,101,2463,2126,87.7,18.6,2.03,490.5,1690.4,4739,70,0,688,11,0,96.2,410.5,410.5,,112.7,644.6,378.5,1760.5,767.0,2,6,620,91,47
both,estimate,202,4344,2706,86.4,17.6,2.01,536.1,2118.8,5020,114,0,708,44,1,194.5,869.4,925.3,29.0,204.1,883.9,506.8,1446.5,757.3,5,24,366,250,294
both,estimate,303,2152,1846,83.1,18.5,2.02,495.5,1767.1,4541,77,0,685,9,0,64.2,359.7,359.7,,85.6,381.9,452.5,1474.9,819.2,1,1,615,86,53
both,estimate,404,1818,1386,89.9,19.8,2.0,411.8,1725.9,3854,72,0,701,43,0,46.7,132.4,799.5,,79.9,448.8,246.5,799.5,669.6,7,13,464,118,188
both,estimate,505,2882,2299,94.4,18.7,2.0,565.7,2086.4,5038,90,0,721,6,0,105.0,462.6,462.6,,92.2,434.9,327.5,837.6,879.6,0,3,629,136,80
both,estimate,606,1231,1522,85.6,19.8,2.05,425.3,1784.2,3864,51,0,690,16,1,76.1,404.8,404.8,29.9,63.6,355.3,253.3,1121.8,696.9,3,8,579,44,84
both,truth,101,249,1225,88.3,18.2,2.0,605.0,2248.3,4736,29,0,688,11,0,33.5,148.8,148.8,,220.3,1774.2,127.5,350.5,983.5,0,1,666,2,11
both,truth,202,147,1180,70.7,17.5,2.01,624.1,2307.6,4874,29,0,708,44,1,45.6,188.7,227.1,29.0,285.3,1999.3,366.7,644.1,961.7,0,2,574,3,90
both,truth,303,348,1702,64.5,18.2,2.02,644.4,2120.9,5264,34,0,685,9,0,42.5,254.7,254.7,,413.4,2015.5,104.2,359.7,940.6,0,0,662,0,14
both,truth,404,91,949,79.2,19.9,2.0,438.5,1894.0,4384,22,0,701,43,0,20.1,45.8,109.5,,174.6,1398.7,52.6,124.5,736.3,0,0,630,1,28
both,truth,505,368,1763,51.3,20.6,2.31,949.3,3330.2,6140,47,0,721,6,0,47.5,177.6,177.6,,352.5,1967.6,167.5,357.6,1601.3,0,0,691,2,24
both,truth,606,39,1091,76.7,19.8,2.1,485.1,1998.9,4508,18,0,690,16,1,40.5,149.8,149.8,29.9,183.5,1425.6,160.5,374.8,791.1,0,1,662,1,12
"both, exempt",estimate,101,2643,2255,65.8,23.9,3.25,822.1,2945.3,5537,62,39,688,11,0,104.4,410.5,410.5,,116.4,644.6,756.2,3454.6,1414.7,3,6,616,101,54
"both, exempt",estimate,202,4692,2785,71.5,17.8,2.0,689.6,2857.6,5559,88,45,708,44,1,200.7,887.1,925.3,29.0,210.2,898.1,584.5,2033.7,1017.1,6,26,368,262,295
"both, exempt",estimate,303,2231,1982,68.0,20.0,2.18,558.6,1902.5,4928,39,42,685,9,0,74.2,374.7,374.7,,91.9,411.9,432.5,1894.9,932.2,1,3,622,85,49
"both, exempt",estimate,404,2480,1656,65.3,26.3,3.92,1005.4,4993.2,4846,47,80,701,43,0,57.5,162.4,859.5,,90.9,474.7,651.2,3449.6,1772.4,6,18,469,151,192
"both, exempt",estimate,505,3043,2374,76.9,19.5,2.08,629.1,2278.4,5448,66,31,721,6,0,110.0,462.6,462.6,,95.1,434.9,350.0,859.0,983.5,0,2,637,140,72
"both, exempt",estimate,606,1762,1739,82.6,19.5,2.0,690.5,3273.8,4401,46,28,690,16,1,83.6,434.8,434.8,29.9,73.1,385.3,316.1,1316.8,1181.2,4,7,591,75,78
"both, exempt",truth,101,313,1546,61.1,28.6,5.12,1484.7,6295.0,5937,19,44,688,11,0,34.8,148.8,148.8,,443.7,2327.8,131.6,350.5,2520.4,0,1,667,2,10
"both, exempt",truth,202,891,2451,35.1,36.4,15.25,5988.0,37224.4,6576,25,50,708,44,1,93.6,278.7,377.1,29.0,1957.6,7819.3,439.0,719.1,10634.2,0,2,580,4,84
"both, exempt",truth,303,440,2017,36.2,31.6,9.79,3252.8,19178.1,6663,14,55,685,9,0,44.2,254.7,254.7,,1032.1,3033.4,110.9,359.7,5448.4,0,0,666,1,10
"both, exempt",truth,404,473,1993,36.6,33.9,6.7,2381.9,11472.9,6587,12,67,701,43,0,29.2,45.8,314.5,,782.4,2860.9,94.8,288.9,3992.9,0,0,630,1,28
"both, exempt",truth,505,540,2216,36.0,35.4,12.17,4310.8,26208.9,7025,20,51,721,6,0,67.5,267.6,267.6,,1274.5,4835.7,192.5,417.6,7706.6,0,0,693,2,22
"both, exempt",truth,606,191,1922,35.9,33.1,9.95,3054.1,17698.2,6238,17,39,690,16,1,80.8,239.8,239.8,44.9,1141.4,3127.1,238.3,417.2,5108.7,0,1,664,1,10
"both, clock restarts",estimate,101,1795,2210,77.4,18.6,2.0,685.0,3013.8,5158,61,0,688,11,0,92.1,403.8,403.8,,106.6,547.2,716.6,3080.5,1141.5,3,6,613,107,55
"both, clock restarts",estimate,202,2174,2775,71.8,17.5,2.0,689.8,2901.2,5530,88,0,708,44,1,197.9,872.1,925.3,29.0,207.3,888.3,576.0,2033.7,1024.9,6,25,364,265,300
"both, clock restarts",estimate,303,1165,2028,68.0,20.0,2.68,567.3,2039.4,4902,40,0,685,9,0,74.2,374.7,374.7,,88.0,398.6,334.2,1639.9,956.6,1,3,615,89,56
"both, clock restarts",estimate,404,1218,1609,84.9,19.9,2.0,642.2,3012.8,4241,51,0,701,43,0,50.1,147.4,829.5,,87.1,465.2,356.4,1578.9,1073.8,5,19,459,140,197
"both, clock restarts",estimate,505,2044,2374,76.9,19.3,2.08,630.0,2262.2,5435,61,0,721,6,0,112.5,462.6,462.6,,93.9,433.1,340.0,852.6,989.9,0,1,634,139,75
"both, clock restarts",estimate,606,1241,1719,83.4,19.5,2.0,693.4,3311.9,4419,43,0,690,16,1,84.6,434.8,434.8,29.9,72.0,385.3,602.1,3165.0,1191.8,5,7,588,89,82
"both, clock restarts",truth,101,4,1551,69.3,20.9,2.54,1122.1,4372.2,5913,19,0,688,11,0,34.8,148.8,148.8,,304.7,2115.9,130.3,350.5,1980.3,0,1,663,2,14
"both, clock restarts",truth,202,608,2306,51.5,20.3,2.84,1959.4,7111.2,6497,25,0,708,44,1,94.3,263.7,374.4,29.0,871.9,5483.1,396.7,638.9,3078.5,0,2,573,3,91
"both, clock restarts",truth,303,3,2080,36.2,31.6,14.39,5252.8,33714.0,6646,10,0,685,9,0,42.5,239.7,239.7,,1479.5,3060.9,105.9,329.7,9048.6,0,0,664,1,12
"both, clock restarts",truth,404,33,2035,43.5,27.4,7.82,4168.8,22883.1,6635,11,0,701,43,0,28.9,45.8,299.5,,1053.4,2977.6,89.6,271.3,7470.8,0,0,628,1,30
"both, clock restarts",truth,505,15,2951,36.0,35.4,17.93,7850.4,47088.9,7067,17,0,721,6,0,67.5,267.6,267.6,,1837.8,4552.1,195.0,402.6,14644.0,0,0,693,2,22
"both, clock restarts",truth,606,56,1993,47.8,21.8,3.29,1925.2,8396.0,6253,20,0,690,16,1,78.9,239.8,239.8,29.9,645.1,3140.2,226.1,432.2,3346.9,0,1,664,1,10
