day,local cap,cloud cap,seed,sla_breaches,sla_breaches_as_submitted,cloud_hours,local_hours,drained_hours,mean_wait_s,p95_wait_s,jobs_reprioritised,overload_decisions,accepted_breach_cycles,events,exposing_events,exposing_high_events,ttl_exposing_mean_s,ttl_exposing_p95_s,ttl_exposing_max_s,ttl_exposing_high_mean_s,ttl_all_mean_s,ttl_all_p95_s,ttp_exposing_mean_s,ttp_exposing_p95_s,ttp_all_mean_s,exposing_ever_decayed,exposing_promoted,decayed_events,promoted_events,harmless_kept_events
workday,local 8,cloud 0,101,22585,22585,0.0,313.4,48.12,29878.3,87452.5,0,6994,0,2242,58,0,5743.7,26144.9,27611.2,,6498.5,27064.5,81027.9,94757.6,82044.2,0,0,0,0,0
workday,local 8,cloud 0,202,21026,21026,0.0,304.6,48.19,28953.4,86530.5,0,6583,0,2165,54,0,4508.9,21005.7,24060.8,,5456.7,23263.1,81903.0,89821.9,82458.8,0,0,0,0,0
workday,local 8,cloud 0,303,20159,20159,0.0,309.8,48.03,29724.6,86467.9,0,6406,0,2206,70,0,6600.7,25831.5,27171.8,,6115.7,26307.9,84679.5,95232.4,81225.2,0,0,0,0,0
workday,local 8,cloud 0,404,22201,22201,0.0,309.8,47.99,30309.8,86867.6,0,6925,0,2212,55,0,7116.8,27337.3,27994.2,,6642.5,27186.9,83066.2,95149.5,83258.5,0,0,0,0,0
workday,local 8,cloud 20,101,26,26,121.4,196.0,26.91,1380.8,8923.8,0,5,0,2242,58,0,57.6,204.1,248.6,,55.1,170.4,3935.6,10147.2,5050.5,0,0,0,0,0
workday,local 8,cloud 20,202,29,29,110.3,197.8,28.44,1634.8,10754.1,0,4,0,2165,54,0,50.5,148.8,166.2,,54.8,162.1,6438.3,13856.3,5887.1,0,0,0,0,0
workday,local 8,cloud 20,303,32,32,120.4,198.1,28.89,2089.0,13395.3,0,16,0,2206,70,0,46.5,130.4,142.7,,53.1,164.1,7967.2,14239.5,7559.3,0,0,0,0,0
workday,local 8,cloud 20,404,47,47,120.1,193.0,24.25,1502.1,9782.5,0,23,0,2212,55,0,51.8,130.1,229.2,,58.8,160.7,5805.5,11396.5,5464.7,0,0,0,0,0
workday,local 8,cloud 60,101,26,26,126.6,191.6,24.06,652.0,3955.5,0,0,0,2242,58,0,56.6,204.1,248.6,,55.0,171.5,2007.4,4537.2,2322.2,0,0,0,0,0
workday,local 8,cloud 60,202,30,30,117.9,191.9,24.05,584.8,3651.4,0,2,0,2165,54,0,51.6,148.8,166.2,,54.6,161.7,1997.7,4417.8,2020.2,0,0,0,0,0
workday,local 8,cloud 60,303,32,32,129.5,194.9,25.68,1690.0,10736.0,0,7,0,2206,70,0,46.1,130.4,142.7,,52.8,160.4,6342.0,11770.1,6090.6,0,0,0,0,0
workday,local 8,cloud 60,404,42,42,134.3,191.3,24.0,908.4,6303.3,0,9,0,2212,55,0,52.1,140.5,229.2,,57.3,159.7,3347.5,7300.6,3244.5,0,0,0,0,0
workday,local 8,cloud 200,101,26,26,126.6,191.6,24.06,652.0,3955.5,0,0,0,2242,58,0,56.6,204.1,248.6,,55.0,171.5,2007.4,4537.2,2322.2,0,0,0,0,0
workday,local 8,cloud 200,202,30,30,122.0,191.9,24.05,583.0,3650.1,0,0,0,2165,54,0,51.6,148.8,166.2,,54.6,161.7,1993.3,4417.8,2013.6,0,0,0,0,0
workday,local 8,cloud 200,303,32,32,133.9,194.9,25.68,1689.6,10736.0,0,0,0,2206,70,0,46.1,130.4,142.7,,52.7,160.1,6341.4,11770.1,6089.8,0,0,0,0,0
workday,local 8,cloud 200,404,42,42,144.5,191.3,24.0,907.9,6303.3,0,0,0,2212,55,0,52.1,140.5,229.2,,57.3,159.3,3347.5,7300.6,3242.7,0,0,0,0,0
workday,local 12,cloud 0,101,10127,10127,0.0,318.8,48.44,13104.1,85891.1,0,2372,0,2242,58,0,268.4,1679.9,1884.1,,243.7,1436.2,40902.1,86505.2,48132.6,0,0,0,0,0
workday,local 12,cloud 0,202,6818,6818,0.0,311.1,48.27,10748.8,77006.4,0,1766,0,2165,54,0,125.2,694.8,743.1,,118.7,549.5,42075.0,86623.4,38875.5,0,0,0,0,0
workday,local 12,cloud 0,303,10460,10460,0.0,319.0,48.04,13890.2,85901.5,0,2418,0,2206,70,0,457.1,2614.5,3665.7,,496.1,3181.5,51306.7,86559.5,48955.0,0,0,0,0,0
workday,local 12,cloud 0,404,10975,10975,0.0,315.5,48.02,13065.3,85736.3,0,2518,0,2212,55,0,603.8,3258.6,3485.4,,522.3,3183.1,50298.8,86521.1,46785.9,0,0,0,0,0
workday,local 12,cloud 20,101,30,30,53.3,278.2,24.05,512.1,3832.7,0,0,0,2242,58,0,52.2,178.0,248.6,,48.3,135.0,1514.4,4691.0,1826.0,0,0,0,0,0
workday,local 12,cloud 20,202,16,16,45.4,277.7,24.0,469.8,3155.8,0,3,0,2165,54,0,44.4,129.5,136.2,,47.2,135.6,1680.0,3794.8,1644.1,0,0,0,0,0
workday,local 12,cloud 20,303,9,9,51.3,276.5,24.01,1136.2,8084.0,0,0,0,2206,70,0,42.0,126.0,142.7,,47.3,140.5,4024.1,8719.1,4074.1,0,0,0,0,0
workday,local 12,cloud 20,404,10,10,53.5,277.0,24.0,683.0,5026.0,0,5,0,2212,55,0,45.8,125.5,214.2,,50.9,136.2,2508.8,5831.5,2441.7,0,0,0,0,0
workday,local 12,cloud 60,101,30,30,53.3,278.2,24.05,512.1,3832.7,0,0,0,2242,58,0,52.2,178.0,248.6,,48.3,135.0,1514.4,4691.0,1826.0,0,0,0,0,0
workday,local 12,cloud 60,202,16,16,50.3,277.7,24.0,364.7,2272.7,0,2,0,2165,54,0,44.7,129.5,136.2,,47.0,136.0,1268.6,2961.2,1255.2,0,0,0,0,0
workday,local 12,cloud 60,303,9,9,51.3,276.5,24.01,1136.2,8084.0,0,0,0,2206,70,0,42.0,126.0,142.7,,47.3,140.5,4024.1,8719.1,4074.1,0,0,0,0,0
workday,local 12,cloud 60,404,10,10,57.0,277.0,24.0,549.5,4193.0,0,0,0,2212,55,0,45.5,125.5,199.2,,50.2,135.5,2065.4,5020.4,1943.0,0,0,0,0,0
workday,local 12,cloud 200,101,30,30,53.3,278.2,24.05,512.1,3832.7,0,0,0,2242,58,0,52.2,178.0,248.6,,48.3,135.0,1514.4,4691.0,1826.0,0,0,0,0,0
workday,local 12,cloud 200,202,16,16,54.1,277.7,24.0,364.3,2272.7,0,0,0,2165,54,0,44.7,129.5,136.2,,47.0,136.0,1267.5,2961.2,1253.8,0,0,0,0,0
workday,local 12,cloud 200,303,9,9,51.3,276.5,24.01,1136.2,8084.0,0,0,0,2206,70,0,42.0,126.0,142.7,,47.3,140.5,4024.1,8719.1,4074.1,0,0,0,0,0
workday,local 12,cloud 200,404,10,10,57.0,277.0,24.0,549.5,4193.0,0,0,0,2212,55,0,45.5,125.5,199.2,,50.2,135.5,2065.4,5020.4,1943.0,0,0,0,0,0
workday,local 16,cloud 0,101,30,30,0.0,333.0,24.05,991.1,7636.5,0,160,0,2242,58,0,46.5,129.1,218.6,,45.6,124.4,2762.8,8199.1,3625.9,0,0,0,0,0
workday,local 16,cloud 0,202,20,20,0.0,327.3,24.0,661.1,4597.4,0,116,0,2165,54,0,42.2,114.7,129.5,,44.9,116.7,2399.4,4908.7,2370.7,0,0,0,0,0
workday,local 16,cloud 0,303,22,22,0.0,329.5,24.01,1619.2,11209.5,0,129,0,2206,70,0,41.4,102.9,189.8,,46.4,129.8,6000.0,12189.8,5836.3,0,0,0,0,0
workday,local 16,cloud 0,404,89,89,0.0,330.6,24.0,1398.6,10340.4,0,199,0,2212,55,0,48.8,125.4,208.1,,52.2,133.2,5055.3,11670.1,5095.7,0,0,0,0,0
workday,local 16,cloud 20,101,30,30,20.5,332.8,24.05,115.7,548.0,0,0,0,2242,58,0,44.4,129.1,203.6,,42.3,110.4,333.8,835.2,366.3,0,0,0,0,0
workday,local 16,cloud 20,202,15,15,15.5,327.2,24.0,107.7,493.0,0,0,0,2165,54,0,40.0,106.2,129.5,,41.7,106.2,342.2,839.8,341.0,0,0,0,0,0
workday,local 16,cloud 20,303,9,9,17.4,329.1,24.01,341.8,2671.9,0,0,0,2206,70,0,36.0,87.9,104.2,,41.2,108.7,1309.7,4094.2,1184.8,0,0,0,0,0
workday,local 16,cloud 20,404,7,7,20.3,330.3,24.0,131.6,728.7,0,0,0,2212,55,0,39.3,110.5,124.2,,41.9,109.8,403.9,1036.6,422.6,0,0,0,0,0
workday,local 16,cloud 60,101,30,30,20.5,332.8,24.05,115.7,548.0,0,0,0,2242,58,0,44.4,129.1,203.6,,42.3,110.4,333.8,835.2,366.3,0,0,0,0,0
workday,local 16,cloud 60,202,15,15,15.5,327.2,24.0,107.7,493.0,0,0,0,2165,54,0,40.0,106.2,129.5,,41.7,106.2,342.2,839.8,341.0,0,0,0,0,0
workday,local 16,cloud 60,303,9,9,17.4,329.1,24.01,341.8,2671.9,0,0,0,2206,70,0,36.0,87.9,104.2,,41.2,108.7,1309.7,4094.2,1184.8,0,0,0,0,0
workday,local 16,cloud 60,404,7,7,20.3,330.3,24.0,131.6,728.7,0,0,0,2212,55,0,39.3,110.5,124.2,,41.9,109.8,403.9,1036.6,422.6,0,0,0,0,0
workday,local 16,cloud 200,101,30,30,20.5,332.8,24.05,115.7,548.0,0,0,0,2242,58,0,44.4,129.1,203.6,,42.3,110.4,333.8,835.2,366.3,0,0,0,0,0
workday,local 16,cloud 200,202,15,15,15.5,327.2,24.0,107.7,493.0,0,0,0,2165,54,0,40.0,106.2,129.5,,41.7,106.2,342.2,839.8,341.0,0,0,0,0,0
workday,local 16,cloud 200,303,9,9,17.4,329.1,24.01,341.8,2671.9,0,0,0,2206,70,0,36.0,87.9,104.2,,41.2,108.7,1309.7,4094.2,1184.8,0,0,0,0,0
workday,local 16,cloud 200,404,7,7,20.3,330.3,24.0,131.6,728.7,0,0,0,2212,55,0,39.3,110.5,124.2,,41.9,109.8,403.9,1036.6,422.6,0,0,0,0,0
workday,local 24,cloud 0,101,24,24,0.0,372.5,24.05,87.1,414.1,0,2,0,2242,58,0,39.0,112.6,166.7,,39.4,102.7,240.5,784.9,271.7,0,0,0,0,0
workday,local 24,cloud 0,202,15,15,0.0,355.6,24.0,89.3,405.0,0,0,0,2165,54,0,38.3,91.2,129.5,,39.6,101.7,283.3,778.5,279.3,0,0,0,0,0
workday,local 24,cloud 0,303,9,9,0.0,360.4,24.01,91.7,433.2,0,0,0,2206,70,0,32.6,59.2,97.4,,38.3,98.2,282.4,637.4,290.4,0,0,0,0,0
workday,local 24,cloud 0,404,7,7,0.0,366.0,24.0,84.3,377.2,0,0,0,2212,55,0,37.4,95.5,123.8,,38.7,96.3,237.8,557.1,261.3,0,0,0,0,0
workday,local 24,cloud 20,101,24,24,1.0,372.5,24.05,86.9,412.7,0,0,0,2242,58,0,39.0,112.6,166.7,,39.4,102.7,240.2,784.9,271.2,0,0,0,0,0
workday,local 24,cloud 20,202,15,15,0.6,355.6,24.0,88.8,405.0,0,0,0,2165,54,0,38.3,91.2,129.5,,39.5,101.7,283.3,778.5,277.3,0,0,0,0,0
workday,local 24,cloud 20,303,9,9,0.6,360.4,24.01,90.6,428.6,0,0,0,2206,70,0,32.6,59.2,97.4,,38.3,98.2,277.9,571.5,286.4,0,0,0,0,0
workday,local 24,cloud 20,404,7,7,1.0,365.9,24.0,83.5,373.3,0,0,0,2212,55,0,37.1,95.5,123.8,,38.6,96.3,237.5,557.1,258.4,0,0,0,0,0
workday,local 24,cloud 60,101,24,24,1.0,372.5,24.05,86.9,412.7,0,0,0,2242,58,0,39.0,112.6,166.7,,39.4,102.7,240.2,784.9,271.2,0,0,0,0,0
workday,local 24,cloud 60,202,15,15,0.6,355.6,24.0,88.8,405.0,0,0,0,2165,54,0,38.3,91.2,129.5,,39.5,101.7,283.3,778.5,277.3,0,0,0,0,0
workday,local 24,cloud 60,303,9,9,0.6,360.4,24.01,90.6,428.6,0,0,0,2206,70,0,32.6,59.2,97.4,,38.3,98.2,277.9,571.5,286.4,0,0,0,0,0
workday,local 24,cloud 60,404,7,7,1.0,365.9,24.0,83.5,373.3,0,0,0,2212,55,0,37.1,95.5,123.8,,38.6,96.3,237.5,557.1,258.4,0,0,0,0,0
workday,local 24,cloud 200,101,24,24,1.0,372.5,24.05,86.9,412.7,0,0,0,2242,58,0,39.0,112.6,166.7,,39.4,102.7,240.2,784.9,271.2,0,0,0,0,0
workday,local 24,cloud 200,202,15,15,0.6,355.6,24.0,88.8,405.0,0,0,0,2165,54,0,38.3,91.2,129.5,,39.5,101.7,283.3,778.5,277.3,0,0,0,0,0
workday,local 24,cloud 200,303,9,9,0.6,360.4,24.01,90.6,428.6,0,0,0,2206,70,0,32.6,59.2,97.4,,38.3,98.2,277.9,571.5,286.4,0,0,0,0,0
workday,local 24,cloud 200,404,7,7,1.0,365.9,24.0,83.5,373.3,0,0,0,2212,55,0,37.1,95.5,123.8,,38.6,96.3,237.5,557.1,258.4,0,0,0,0,0
rock burst,local 8,cloud 0,101,43891,43891,0.0,418.0,52.3,53197.5,126009.7,0,11619,0,2986,57,0,21603.7,62866.6,63188.5,,19418.7,62082.1,103750.8,127175.3,113606.0,0,0,0,0,0
rock burst,local 8,cloud 0,202,46490,46490,0.0,432.5,54.21,56154.6,130903.4,0,12364,0,3086,75,0,14852.3,64870.9,65092.2,,20276.1,64484.8,122424.5,135220.4,120512.3,0,0,0,0,0
rock burst,local 8,cloud 0,303,46903,46903,0.0,435.3,54.52,56971.5,132510.5,0,12441,0,3103,76,1,15516.7,64928.4,66261.6,35251.4,20291.7,65820.2,118125.6,134199.0,122912.2,0,0,0,0,0
rock burst,local 8,cloud 0,404,43821,43821,0.0,421.1,52.67,53693.4,126795.1,0,11715,0,3001,63,0,16636.7,60605.5,61764.2,,18955.2,61525.4,108830.5,127477.1,115888.8,0,0,0,0,0
rock burst,local 8,cloud 20,101,14667,14667,181.4,244.1,48.08,14560.7,86149.0,0,1133,0,2986,57,0,649.7,3243.8,6281.7,,910.9,6104.6,47620.3,86446.1,50793.5,0,0,0,0,0
rock burst,local 8,cloud 20,202,14571,14571,193.5,244.0,48.25,13911.3,86193.6,0,1098,0,3086,75,0,464.1,4381.1,5004.4,,766.3,5399.4,54162.7,86575.1,48548.4,0,0,0,0,0
rock burst,local 8,cloud 20,303,14165,14165,200.7,239.6,48.22,13170.5,85994.4,0,1118,0,3103,76,1,643.2,5862.0,5979.9,3466.4,753.5,5321.2,42056.6,86566.4,45646.7,0,0,0,0,0
rock burst,local 8,cloud 20,404,14337,14337,185.1,242.5,47.97,13976.0,86183.4,0,1100,0,3001,63,0,559.3,4910.1,5916.0,,795.3,5359.6,46447.2,86484.1,48376.4,0,0,0,0,0
rock burst,local 8,cloud 60,101,7461,7461,194.7,230.8,48.08,10372.6,85539.7,0,231,0,2986,57,0,67.1,158.1,764.7,,163.2,1214.4,37786.3,86448.1,38133.1,0,0,0,0,0
rock burst,local 8,cloud 60,202,7019,7019,218.5,221.8,48.25,7864.0,52522.1,0,223,0,3086,75,0,114.3,719.3,1479.4,,143.0,1087.9,33266.1,86545.1,28711.9,0,0,0,0,0
rock burst,local 8,cloud 60,303,6337,6337,225.9,217.7,48.08,6746.0,35014.3,0,214,0,3103,76,1,110.5,850.9,1111.4,1111.4,145.6,1027.8,22328.9,79612.5,24643.1,0,0,0,0,0
rock burst,local 8,cloud 60,404,6429,6429,206.4,221.2,47.98,8017.3,49372.9,0,210,0,3001,63,0,78.4,177.7,741.0,,139.1,1049.8,26303.8,78056.8,29309.4,0,0,0,0,0
rock burst,local 8,cloud 200,101,2843,2843,205.9,219.6,48.05,6933.9,48035.2,0,36,0,2986,57,0,60.5,191.7,344.7,,65.5,211.2,25306.3,72716,25744.1,0,0,0,0,0
rock burst,local 8,cloud 200,202,2308,2308,228.6,211.8,43.42,4674.9,25294.0,0,34,0,3086,75,0,59.3,228.0,344.3,,62.4,201.2,20524.5,61982.2,17281.4,0,0,0,0,0
rock burst,local 8,cloud 200,303,2667,2667,239.8,208.5,39.42,3830.9,21733.9,0,37,0,3103,76,1,70.2,211.5,376.4,376.4,66.6,218.6,13213.6,46627.5,14138.7,0,0,0,0,0
rock burst,local 8,cloud 200,404,2255,2255,216.1,211.4,42.04,4810.5,24316.0,0,32,0,3001,63,0,62.7,175.2,314.6,,64.8,199.9,16855.3,42881.8,17728.2,0,0,0,0,0
rock burst,local 12,cloud 0,101,31415,31415,0.0,428.4,48.08,30091.6,88717.7,0,5694,0,2986,57,0,9854.2,30450.8,31040.8,,8994.4,31345.6,63702.6,89645.3,72786.8,0,0,0,0,0
rock burst,local 12,cloud 0,202,32264,32264,0.0,438.6,48.25,30270.2,88191.0,0,5910,0,3086,75,0,6387.9,30355.9,31974.5,,9092.0,31439.7,70643.9,89261.7,72646.3,0,0,0,0,0
rock burst,local 12,cloud 0,303,32847,32847,0.0,441.3,48.1,30541.7,88412.3,0,6114,0,3103,76,1,7130.1,32872.4,33363.2,13576.4,9066.5,32659.2,64972.1,89619.9,73006.2,0,0,0,0,0
rock burst,local 12,cloud 0,404,31062,31062,0.0,430.7,47.98,29713.3,87905.4,0,5690,0,3001,63,0,8015.3,31437.7,31532.9,,8876.8,31309.4,63386.2,88848.8,71050.0,0,0,0,0,0
rock burst,local 12,cloud 20,101,12138,12138,114.4,317.5,48.08,11594.2,84671.0,0,810,0,2986,57,0,292.9,1919.7,4871.7,,651.2,4784.2,38910.5,86461.1,40662.1,0,0,0,0,0
rock burst,local 12,cloud 20,202,12439,12439,122.3,321.4,48.25,11411.2,85574.5,0,819,0,3086,75,0,343.5,3214.3,4149.4,,540.8,4254.3,46595.3,86545.1,40175.1,0,0,0,0,0
rock burst,local 12,cloud 20,303,12000,12000,128.4,319.1,48.1,10646.3,75724.3,0,832,0,3103,76,1,433.2,4422.0,4765.9,2896.4,536.1,4184.2,33437.0,86580.6,37275.2,0,0,0,0,0
rock burst,local 12,cloud 20,404,11825,11825,117.3,318.5,47.97,10885.4,77257.9,0,815,0,3001,63,0,368.8,3245.1,4671.0,,561.2,4210.5,33708.8,86333.9,38076.7,0,0,0,0,0
rock burst,local 12,cloud 60,101,6780,6780,125.9,306.0,48.08,7784.6,46445.2,0,210,0,2986,57,0,60.8,151.0,704.7,,144.6,1079.4,27012.4,71126,28586.0,0,0,0,0,0
rock burst,local 12,cloud 60,202,6682,6682,134.4,309.3,48.25,7616.4,48307.1,0,204,0,3086,75,0,104.7,659.3,1344.4,,128.9,986.4,32281.3,86545.1,27863.4,0,0,0,0,0
rock burst,local 12,cloud 60,303,6010,6010,145.8,305.9,46.65,6325.1,29144.9,0,195,0,3103,76,1,95.3,685.9,1051.4,1051.4,131.9,940.0,20947.3,72652.5,23134.7,0,0,0,0,0
rock burst,local 12,cloud 60,404,5881,5881,128.1,307.8,48.0,7226.9,38602.9,0,189,0,3001,63,0,69.8,177.7,576.0,,124.6,903.8,24118.8,67286.8,26431.4,0,0,0,0,0
rock burst,local 12,cloud 200,101,2347,2347,136.4,295.5,39.75,4366.4,24188.6,0,35,0,2986,57,0,56.8,176.7,329.7,,60.7,198.5,15209.5,32831,16220.6,0,0,0,0,0
rock burst,local 12,cloud 200,202,2210,2210,144.5,299.2,42.2,4419.7,23044.4,0,33,0,3086,75,0,55.3,198.0,344.3,,58.4,192.3,19421.3,57587.2,16337.9,0,0,0,0,0
rock burst,local 12,cloud 200,303,2577,2577,161.1,295.4,36.22,3411.2,20522.5,0,36,0,3103,76,1,61.8,194.1,376.4,376.4,62.6,203.1,11765.7,35122.5,12576.5,0,0,0,0,0
rock burst,local 12,cloud 200,404,2255,2255,138.0,297.8,38.87,4134.0,22969.8,0,32,0,3001,63,0,57.9,175.2,329.6,,60.3,190.4,14669.3,31451.8,15217.5,0,0,0,0,0
rock burst,local 16,cloud 0,101,25767,25767,0.0,434.7,48.08,22685.9,86312.2,0,3552,0,2986,57,0,4740.8,17086.0,17663.1,,4490.6,17066.2,57184.7,86472.3,65241.1,0,0,0,0,0
rock burst,local 16,cloud 0,202,28058,28058,0.0,446.2,48.25,23157.2,86413.5,0,3865,0,3086,75,0,2910.7,16247.2,16800.9,,4374.9,16631.6,68419.7,86703.1,67001.1,0,0,0,0,0
rock burst,local 16,cloud 0,303,27230,27230,0.0,450.8,48.1,23205.5,86386.6,0,3839,0,3103,76,1,3504.5,17235.4,17607.4,7801.4,4291.5,17221.4,58194.5,86634.0,66816.1,0,0,0,0,0
rock burst,local 16,cloud 0,404,25743,25743,0.0,439.8,47.97,22798.3,86328.5,0,3595,0,3001,63,0,3922.7,16780.2,16948.3,,4326.1,16807.3,58621.7,86514.1,65503.3,0,0,0,0,0
rock burst,local 16,cloud 20,101,10241,10241,75.5,360.4,47.52,7906.7,36155.2,0,645,0,2986,57,0,182.6,1604.7,3821.7,,505.4,3835.2,24560.3,60821,27564.5,0,0,0,0,0
rock burst,local 16,cloud 20,202,10278,10278,80.4,368.2,47.86,7574.4,34837.1,0,633,0,3086,75,0,249.9,1939.3,3564.4,,406.0,3395.9,29581.9,80492.2,26500.7,0,0,0,0,0
rock burst,local 16,cloud 20,303,10030,10030,85.3,368.2,44.09,6676.7,28334.5,0,647,0,3103,76,1,328.8,3357.0,3865.9,2431.4,403.9,3366.5,20913.1,63457.5,23223.3,0,0,0,0,0
rock burst,local 16,cloud 20,404,10252,10252,78.7,363.2,45.8,7302.9,29084.9,0,656,0,3001,63,0,269.1,2000.1,3756.0,,420.6,3383.5,22551.7,56411.8,25401.8,0,0,0,0,0
rock burst,local 16,cloud 60,101,6276,6276,85.6,350.3,37.48,4629.5,23642.2,0,192,0,2986,57,0,58.7,136.6,644.7,,130.5,1002.2,14917.4,24641,16896.3,0,0,0,0,0
rock burst,local 16,cloud 60,202,5901,5901,89.7,358.9,39.24,4562.3,22294.2,0,186,0,3086,75,0,95.9,614.3,1239.4,,115.7,877.1,18562.7,46922.2,16593.8,0,0,0,0,0
rock burst,local 16,cloud 60,303,5728,5728,95.2,359.0,34.94,4070.7,22239.7,0,177,0,3103,76,1,86.8,520.9,976.4,976.4,119.1,859.5,13116.5,30517.5,14764.4,0,0,0,0,0
rock burst,local 16,cloud 60,404,5499,5499,88.2,353.6,36.25,4383.7,22266.2,0,173,0,3001,63,0,63.8,160.2,539.6,,113.4,792.1,14714.1,22952.9,15851.7,0,0,0,0,0
rock burst,local 16,cloud 200,101,2264,2264,95.5,340.4,27.36,2442.7,16025.8,0,31,0,2986,57,0,55.0,143.1,329.7,,57.3,188.6,9373.9,16967.8,9023.2,0,0,0,0,0
rock burst,local 16,cloud 200,202,2065,2065,99.6,349.0,29.62,2369.5,15111.6,0,30,0,3086,75,0,49.9,182.9,344.3,,54.3,182.6,9511.1,16026.4,8737.9,0,0,0,0,0
rock burst,local 16,cloud 200,303,2520,2520,105.0,349.2,24.9,2232.9,14899.5,0,34,0,3103,76,1,58.2,194.1,361.4,361.4,58.7,191.0,7419.9,16412.4,8134.8,0,0,0,0,0
rock burst,local 16,cloud 200,404,2230,2230,97.7,344.1,27.03,2452.3,15460.9,0,29,0,3001,63,0,53.8,144.6,329.6,,57.2,187.2,9155.7,16449.1,8929.6,0,0,0,0,0
rock burst,local 24,cloud 0,101,16846,16846,0.0,437.4,48.08,11941.3,73910.2,0,1576,0,2986,57,0,1139.7,5943.8,8171.7,,1331.8,7836.9,36466.8,86200.4,38979.8,0,0,0,0,0
rock burst,local 24,cloud 0,202,16805,16805,0.0,450.9,48.25,11776.1,77227.1,0,1547,0,3086,75,0,636.7,6069.4,7114.3,,1151.3,7057.3,43532.9,86556.9,38843.8,0,0,0,0,0
rock burst,local 24,cloud 0,303,17462,17462,0.0,456.3,48.1,11583.4,68524.3,0,1670,0,3103,76,1,1007.2,7630.9,7764.9,4216.4,1162.2,7172.3,33844.3,86542.5,37865.7,0,0,0,0,0
rock burst,local 24,cloud 0,404,16233,16233,0.0,444.3,47.97,11170.0,62107.9,0,1542,0,3001,63,0,992.7,7115.1,7628.8,,1196.7,7149.3,31094.8,86439.4,36367.7,0,0,0,0,0
rock burst,local 24,cloud 20,101,9309,9309,42.3,395.1,29.33,3697.1,18220.6,0,481,0,2986,57,0,113.4,773.1,2321.7,,334.5,2643.5,11102.6,19217.8,12546.9,0,0,0,0,0
rock burst,local 24,cloud 20,202,8478,8478,41.0,409.9,29.19,3248.4,15897.6,0,438,0,3086,75,0,161.5,1154.3,2664.4,,264.6,2353.2,11090.5,16652.2,11046.7,0,0,0,0,0
rock burst,local 24,cloud 20,303,8354,8354,41.4,415.8,24.85,3172.7,16770.4,0,435,0,3103,76,1,222.2,1887.0,2620.9,1831.4,261.0,2282.0,9397.9,17287.4,10743.3,0,0,0,0,0
rock burst,local 24,cloud 20,404,8132,8132,41.2,403.1,24.64,3179.9,16258.3,0,433,0,3001,63,0,141.9,974.6,2481.0,,265.8,2276.1,9836.2,17181.8,10704.6,0,0,0,0,0
rock burst,local 24,cloud 60,101,5870,5870,51.8,387.2,24.0,2192.5,12862.1,0,164,0,2986,57,0,52.6,136.6,569.7,,109.5,803.9,7516.6,13512.2,7844.5,0,0,0,0,0
rock burst,local 24,cloud 60,202,5378,5378,49.6,403.1,24.01,1894.2,10823.4,0,156,0,3086,75,0,84.9,524.3,1052.9,,96.8,689.0,6541.1,11316.4,6744.1,0,0,0,0,0
rock burst,local 24,cloud 60,303,5233,5233,49.1,412.6,24.03,2029.4,12090.8,0,146,0,3103,76,1,76.0,250.9,856.4,856.4,100.5,727.1,6154.5,12422.9,7208.8,0,0,0,0,0
rock burst,local 24,cloud 60,404,5143,5143,48.2,400.7,24.0,2091.1,12509.4,0,147,0,3001,63,0,53.6,141.0,494.6,,95.7,662.9,7025.3,13111.9,7402.8,0,0,0,0,0
rock burst,local 24,cloud 200,101,2200,2200,61.0,387.1,24.0,1026.7,7194.7,0,28,0,2986,57,0,47.6,136.6,329.7,,53.3,182.1,3686.0,7767.2,3742.0,0,0,0,0,0
rock burst,local 24,cloud 200,202,1941,1941,58.5,403.1,24.01,848.2,5717.0,0,19,0,3086,75,0,46.1,167.9,329.3,,49.9,159.2,2832.1,6191.7,3072.4,0,0,0,0,0
rock burst,local 24,cloud 200,303,2489,2489,59.5,411.9,24.03,874.7,6269.5,0,30,0,3103,76,1,55.0,194.1,349.2,346.4,54.1,175.5,2784.1,6606.7,3132.5,0,0,0,0,0
rock burst,local 24,cloud 200,404,2040,2040,57.3,400.6,24.0,1049.6,7490.7,0,19,0,3001,63,0,48.6,130.2,314.6,,52.2,170.7,3877.2,7940.1,3753.7,0,0,0,0,0
earthquake,local 8,cloud 0,101,87722,87722,0.0,723.3,90.45,120317.2,248611.4,0,20980,0,5167,97,1,39233.7,153849.4,156478.3,29.9,53115.1,154194.7,231647.5,249042.2,231648.5,0,0,0,0,0
earthquake,local 8,cloud 0,202,88815,88815,0.0,736.7,92.22,123443.3,253967.5,0,21275,0,5249,137,2,56078.7,156767.3,159086.4,110260.0,53742.9,157290.8,235219.9,254622.6,237640.1,0,0,0,0,0
earthquake,local 8,cloud 0,303,88105,88105,0.0,733.8,91.78,122282.1,252322.3,0,20987,0,5216,105,2,55912.7,156639.2,159144.3,33685.2,54515.4,156959.6,224784.3,253455.6,233322.7,0,0,0,0,0
earthquake,local 8,cloud 0,404,93173,93173,0.0,756.7,94.62,127516.0,261968.0,0,22320,0,5401,151,4,65197.5,163828.0,164630.4,79936.4,54964.2,160500.7,247576.4,263118.0,248487.4,0,0,0,0,0
earthquake,local 8,cloud 20,101,59855,59855,426.2,303.9,48.17,28276.2,87147.6,0,4476,0,5167,97,1,4344.0,22920.0,23224.4,29.9,6686.5,22932.9,65949.5,87555.5,76160.1,0,0,0,0,0
earthquake,local 8,cloud 20,202,61910,61910,432.0,308.9,48.31,28746.9,87348.6,0,4563,0,5249,137,2,7382.4,23555.9,23952.7,13270.0,6766.3,23625.1,74899.4,87733.3,76713.8,0,0,0,0,0
earthquake,local 8,cloud 20,303,62218,62218,431.3,308.4,48.2,29177.1,87248.0,0,4595,0,5216,105,2,7251.5,24485.5,24646.9,3580.2,7226.9,24455.6,68926.7,87629.0,76632.4,0,0,0,0,0
earthquake,local 8,cloud 20,404,63526,63526,448.7,312.5,48.12,29087.5,87327.6,0,4715,0,5401,151,4,8594.4,24932.6,25279.8,12856.4,7263.5,24915.8,77284.1,87843.0,75624.7,0,0,0,0,0
earthquake,local 8,cloud 60,101,25756,25756,448.8,283.9,48.17,16705.2,86422.3,0,785,0,5167,97,1,207.1,1405.5,3411.8,29.9,480.2,3245.2,57214.2,86588.1,60410.4,0,0,0,0,0
earthquake,local 8,cloud 60,202,28227,28227,450.9,290.0,48.32,17546.3,86439.4,0,824,0,5249,137,2,563.1,3459.5,3673.1,422.5,505.7,3450.4,61597.8,86586.2,63245.9,0,0,0,0,0
earthquake,local 8,cloud 60,303,28111,28111,453.3,286.4,48.21,17109.1,86430.2,0,842,0,5216,105,2,499.3,3422.8,3694.5,497.7,576.8,3576.7,57234.0,86540.2,61290.8,0,0,0,0,0
earthquake,local 8,cloud 60,404,29390,29390,469.3,292.4,48.12,17693.8,86464.8,0,854,0,5401,151,4,650.1,3760.5,3831.0,1160.1,547.6,3537.7,65506.3,86646.0,63071.1,0,0,0,0,0
earthquake,local 8,cloud 200,101,4341,4341,459.0,273.7,48.17,13959.1,86360.7,0,15,0,5167,97,1,53.7,182.0,244.4,29.9,54.8,165.7,49475.3,86557.1,52055.9,0,0,0,0,0
earthquake,local 8,cloud 200,202,6435,6435,461.5,279.5,48.31,14422.0,86393.1,0,19,0,5249,137,2,62.2,239.6,332.2,175.0,72.4,172.4,51200.1,86532.5,53715.7,0,0,0,0,0
earthquake,local 8,cloud 200,303,5875,5875,459.4,280.2,48.2,14855.9,86397.9,0,17,0,5216,105,2,57.7,160.7,320.5,175.2,66.8,170.9,53034.3,86575.2,55081.4,0,0,0,0,0
earthquake,local 8,cloud 200,404,5701,5701,476.9,284.8,48.12,14986.9,86421.3,0,16,0,5401,151,4,55.8,161.2,300.0,95.1,55.1,175.3,59348.5,86646.0,55251.0,0,0,0,0,0
earthquake,local 12,cloud 0,101,78896,78896,0.0,730.7,61.4,69816.4,153832.4,0,12973,0,5167,97,1,20362.0,85963.3,87725.4,29.9,29556.7,87300.9,125936.2,154363.7,135241.9,0,0,0,0,0
earthquake,local 12,cloud 0,202,81057,81057,0.0,744.6,62.6,71918.9,156968.4,0,13212,0,5249,137,2,31927.0,89426.8,89822.3,62800.0,29807.1,88879.3,137035.7,157661.2,139802.8,0,0,0,0,0
earthquake,local 12,cloud 0,303,80957,80957,0.0,744.9,62.65,72268.3,157343.7,0,13163,0,5216,105,2,31155.1,90691.7,91265.4,18677.7,31091.6,90470.7,126573.7,157716.3,137220.8,0,0,0,0,0
earthquake,local 12,cloud 0,404,83276,83276,0.0,763.0,63.83,73337.4,160903.9,0,13554,0,5401,151,4,37263.7,91034.8,91664.8,46955.1,30902.5,91654.6,141178.8,161496.0,140435.9,0,0,0,0,0
earthquake,local 12,cloud 20,101,53187,53187,327.3,408.5,48.14,25282.4,86556.0,0,3528,0,5167,97,1,3042.1,17604.9,17736.0,29.9,4728.0,17545.3,63820.7,86931.5,73583.9,0,0,0,0,0
earthquake,local 12,cloud 20,202,55184,55184,333.4,413.1,48.32,25670.5,86542.5,0,3580,0,5249,137,2,5278.9,18108.4,18503.0,8860.0,4785.1,18125.1,71735.1,86902.9,74106.9,0,0,0,0,0
earthquake,local 12,cloud 20,303,56134,56134,339.2,410.0,48.23,26151.4,86604.4,0,3691,0,5216,105,2,5112.0,19197.5,19426.9,2725.2,5164.9,18916.4,67401.3,86984.0,74441.2,0,0,0,0,0
earthquake,local 12,cloud 20,404,58637,58637,349.1,419.1,48.11,26200.9,86673.1,0,3851,0,5401,151,4,5988.1,19087.4,19401.0,10002.6,5196.9,19162.1,76822.8,87181.6,74036.9,0,0,0,0,0
earthquake,local 12,cloud 60,101,23046,23046,348.6,387.2,48.12,16257.6,86360.6,0,698,0,5167,97,1,153.0,730.5,2916.8,29.9,398.8,2810.0,56267.7,86529.9,59106.1,0,0,0,0,0
earthquake,local 12,cloud 60,202,24997,24997,351.2,395.3,48.31,17032.0,86401.6,0,722,0,5249,137,2,470.0,2966.2,3174.8,392.5,425.0,3017.2,60484.3,86543.9,61721.9,0,0,0,0,0
earthquake,local 12,cloud 60,303,25567,25567,358.8,390.5,48.2,16724.1,86391.1,0,761,0,5216,105,2,407.1,3032.8,3214.5,460.2,484.7,3054.0,56457.1,86559.3,60270.4,0,0,0,0,0
earthquake,local 12,cloud 60,404,26284,26284,369.2,398.9,48.11,17129.8,86409.8,0,756,0,5401,151,4,545.2,3254.3,3352.8,1021.4,457.2,3082.0,64092.2,86642.9,61401.4,0,0,0,0,0
earthquake,local 12,cloud 200,101,3588,3588,360.9,374.8,48.14,13920.5,86312.7,0,15,0,5167,97,1,48.3,161.0,259.4,29.9,52.9,162.5,49865.9,86484.8,51918.8,0,0,0,0,0
earthquake,local 12,cloud 200,202,5415,5415,364.6,381.9,48.31,14370.8,86353.7,0,20,0,5249,137,2,62.0,239.6,341.7,175.0,70.9,164.9,51239.6,86486.8,53529.0,0,0,0,0,0
earthquake,local 12,cloud 200,303,4596,4596,368.0,381.3,48.23,14538.0,86334.9,0,17,0,5216,105,2,55.0,159.2,320.5,175.2,64.4,164.1,52077.0,86540.2,53922.1,0,0,0,0,0
earthquake,local 12,cloud 200,404,4464,4464,377.4,390.8,48.11,14696.4,86374.4,0,15,0,5401,151,4,53.8,159.4,300.0,95.1,53.0,165.6,58820.1,86608.2,54196.9,0,0,0,0,0
earthquake,local 16,cloud 0,101,74606,74606,0.0,738.6,47.73,47442.7,111396.6,0,9503,0,5167,97,1,13016.3,56679.7,57863.1,29.9,19213.4,57829.9,80835.5,111937.5,93890.0,0,0,0,0,0
earthquake,local 16,cloud 0,202,76449,76449,0.0,748.8,48.5,48548.3,113396.3,0,9696,0,5249,137,2,20778.4,58942.4,59073.7,39977.5,19354.1,58853.9,95418.0,113926.0,95825.1,0,0,0,0,0
earthquake,local 16,cloud 0,303,77558,77558,0.0,752.6,48.9,49958.9,114604.4,0,9790,0,5216,105,2,20223.1,60429.6,60915.3,11252.7,20261.2,60578.8,87651.1,115155.0,98003.5,0,0,0,0,0
earthquake,local 16,cloud 0,404,78822,78822,0.0,772.4,49.62,50224.9,116737.4,0,9987,0,5401,151,4,24492.4,61259.8,61852.2,31831.4,20191.5,61025.1,99711.1,117205.5,98363.1,0,0,0,0,0
earthquake,local 16,cloud 20,101,46252,46252,252.4,487.9,48.12,22804.1,86442.2,0,2780,0,5167,97,1,2164.8,13815.0,13976.5,29.9,3391.7,13700.7,62146.1,86546.5,70246.8,0,0,0,0,0
earthquake,local 16,cloud 20,202,48214,48214,259.0,491.5,48.32,23146.1,86449.7,0,2833,0,5249,137,2,3778.3,14427.8,14538.4,5552.5,3456.0,14274.4,69016.9,86639.6,70672.5,0,0,0,0,0
earthquake,local 16,cloud 20,303,49033,49033,263.0,490.7,48.23,23710.5,86451.9,0,2880,0,5216,105,2,3688.8,15268.4,15377.9,2057.7,3776.1,15061.1,64637.1,86522.1,71488.9,0,0,0,0,0
earthquake,local 16,cloud 20,404,50668,50668,273.5,501.5,48.16,23754.8,86476.7,0,2959,0,5401,151,4,4415.2,14629.8,15354.4,7775.1,3769.3,14952.2,75847.7,86699.9,71352.0,0,0,0,0,0
earthquake,local 16,cloud 60,101,21119,21119,279.0,461.3,48.11,15759.4,86298.4,0,618,0,5167,97,1,114.2,195.0,2526.8,29.9,333.7,2384.7,55453.3,86531.5,57545.0,0,0,0,0,0
earthquake,local 16,cloud 60,202,22316,22316,280.2,470.3,48.32,16357.1,86341.9,0,645,0,5249,137,2,390.0,2456.2,2784.8,370.0,361.0,2645.5,58646.0,86527.3,59519.3,0,0,0,0,0
earthquake,local 16,cloud 60,303,23476,23476,287.8,465.9,48.23,16269.5,86369.6,0,677,0,5216,105,2,331.8,2638.3,2839.5,415.2,405.8,2670.3,55828.7,86535.3,58874.7,0,0,0,0,0
earthquake,local 16,cloud 60,404,24121,24121,295.4,479.6,48.11,16711.4,86356.2,0,677,0,5401,151,4,462.5,2834.3,2977.8,890.1,385.8,2713.7,63392.4,86564.8,60161.8,0,0,0,0,0
earthquake,local 16,cloud 200,101,3246,3246,290.4,449.9,48.14,13608.0,86287.7,0,15,0,5167,97,1,44.1,161.0,229.4,29.9,51.5,158.4,48589.4,86461.7,50770.4,0,0,0,0,0
earthquake,local 16,cloud 200,202,4609,4609,294.1,456.4,48.32,14070.2,86319.5,0,16,0,5249,137,2,59.1,224.6,328.6,175.0,68.3,155.9,50143.4,86516.8,52418.9,0,0,0,0,0
earthquake,local 16,cloud 200,303,3642,3642,298.4,455.3,48.2,14265.9,86293.2,0,15,0,5216,105,2,51.4,139.6,320.5,175.2,61.8,153.1,50885.3,86495.8,52936.2,0,0,0,0,0
earthquake,local 16,cloud 200,404,4046,4046,306.1,468.9,48.11,14643.1,86314.3,0,12,0,5401,151,4,50.9,146.6,315.0,98.9,51.9,160.8,58598.3,86549.1,54005.3,0,0,0,0,0
earthquake,local 24,cloud 0,101,59772,59772,0.0,742.2,48.12,31282.0,87564.6,0,5310,0,5167,97,1,6188.5,31014.7,31119.9,29.9,9383.8,30794.7,65069.7,88105.4,75550.5,0,0,0,0,0
earthquake,local 24,cloud 0,202,61748,61748,0.0,751.8,48.13,31752.7,87647.5,0,5408,0,5249,137,2,10235.7,31347.7,31759.4,19262.5,9488.9,31500.3,74822.3,88229.8,75857.0,0,0,0,0,0
earthquake,local 24,cloud 0,303,62423,62423,0.0,755.9,48.23,32517.2,87783.0,0,5495,0,5216,105,2,10115.0,32496.3,32927.0,4795.2,10041.9,32543.2,68686.1,88191.8,76670.9,0,0,0,0,0
earthquake,local 24,cloud 0,404,64498,64498,0.0,777.5,48.16,32428.7,88008.0,0,5628,0,5401,151,4,12093.6,33258.9,33732.7,16921.4,10043.9,33127.8,77563.2,88475.8,75773.7,0,0,0,0,0
earthquake,local 24,cloud 20,101,37045,37045,162.2,580.0,48.11,19066.5,86375.9,0,1888,0,5167,97,1,1224.6,8800.5,9235.4,29.9,1873.1,8901.0,58305.0,86514.9,63075.7,0,0,0,0,0
earthquake,local 24,cloud 20,202,37991,37991,169.3,582.5,48.32,19282.6,86349.9,0,1928,0,5249,137,2,2082.7,9552.2,9714.5,1112.5,1891.1,9408.0,62458.3,86498.0,63296.2,0,0,0,0,0
earthquake,local 24,cloud 20,303,39725,39725,173.0,583.0,48.2,19738.4,86331.3,0,2032,0,5216,105,2,2019.4,9613.4,10041.7,1292.7,2133.6,9866.9,59193.3,86522.1,64038.3,0,0,0,0,0
earthquake,local 24,cloud 20,404,40281,40281,175.4,602.1,48.16,19826.2,86362.3,0,2029,0,5401,151,4,2493.1,9502.8,10157.9,4823.9,2110.4,9800.1,65533.9,86538.9,64121.1,0,0,0,0,0
earthquake,local 24,cloud 60,101,18247,18247,189.7,552.6,48.17,14120.9,86270.0,0,492,0,5167,97,1,86.8,165.0,1836.8,29.9,242.3,1826.5,48594.0,86527.2,51863.2,0,0,0,0,0
earthquake,local 24,cloud 60,202,19244,19244,193.2,558.6,48.13,14614.4,86250.6,0,520,0,5249,137,2,273.8,1776.5,2154.8,317.5,269.6,1982.3,50581.0,86496.5,53460.5,0,0,0,0,0
earthquake,local 24,cloud 60,303,19877,19877,201.6,554.4,48.21,14392.3,86276.5,0,541,0,5216,105,2,241.4,2051.1,2183.6,332.7,292.0,2009.2,50610.8,86479.9,52391.0,0,0,0,0,0
earthquake,local 24,cloud 60,404,20949,20949,201.7,575.9,48.16,15001.4,86313.3,0,547,0,5401,151,4,343.1,2129.3,2362.8,687.6,277.7,2017.6,58665.9,86598.9,54378.1,0,0,0,0,0
earthquake,local 24,cloud 200,101,2672,2672,200.3,541.9,48.11,12393.9,86078.6,0,11,0,5167,97,1,42.4,161.0,184.4,29.9,48.5,146.0,43453.8,86542.2,46288.3,0,0,0,0,0
earthquake,local 24,cloud 200,202,3550,3550,206.0,545.8,48.32,12667.1,86261.2,0,15,0,5249,137,2,56.2,209.6,328.6,175.0,65.4,139.9,43865.6,86501.8,47177.1,0,0,0,0,0
earthquake,local 24,cloud 200,303,2854,2854,212.1,543.9,48.23,12644.5,86219.0,0,14,0,5216,105,2,47.3,124.6,320.5,175.2,56.9,142.3,46703.1,86462.2,46938.1,0,0,0,0,0
earthquake,local 24,cloud 200,404,3440,3440,213.4,564.1,48.12,13161.0,86221.0,0,12,0,5401,151,4,48.1,146.6,330.0,102.6,48.8,143.9,53336.1,86547.6,48610.5,0,0,0,0,0
