day,intent,seed,sla_breaches,sla_breaches_as_submitted,cloud_hours,local_hours,drained_hours,mean_wait_s,p95_wait_s,jobs_reprioritised,overload_decisions,accepted_breach_cycles,events,exposing_events,exposing_high_events,ttl_exposing_mean_s,ttl_exposing_p95_s,ttl_exposing_max_s,ttl_exposing_high_mean_s,ttl_all_mean_s,ttl_all_p95_s,ttp_exposing_mean_s,ttp_exposing_p95_s,ttp_all_mean_s,exposing_ever_decayed,exposing_promoted,decayed_events,promoted_events,harmless_kept_events,turn-back.decisions,turn-back.in_time_share,turn-back.never,turn-back.unwinnable,turn-back.latency_p50_s,turn-back.slack_p50_s,turn-back warned.decisions,turn-back warned.in_time_share,turn-back warned.never,turn-back warned.unwinnable,turn-back warned.latency_p50_s,turn-back warned.slack_p50_s,way-out.decisions,way-out.in_time_share,way-out.never,way-out.unwinnable,way-out.latency_p50_s,way-out.slack_p50_s,way-out warned.decisions,way-out warned.in_time_share,way-out warned.never,way-out warned.unwinnable,way-out warned.latency_p50_s,way-out warned.slack_p50_s,reroute.decisions,reroute.in_time_share,reroute.never,reroute.unwinnable,reroute.latency_p50_s,reroute.slack_p50_s,reroute warned.decisions,reroute warned.in_time_share,reroute warned.never,reroute warned.unwinnable,reroute warned.latency_p50_s,reroute warned.slack_p50_s,machines.decisions,machines.in_time_share,machines.never,machines.unwinnable,machines.latency_p50_s,machines.slack_p50_s
workday,off,101,30,30,53.3,278.2,24.05,512.1,3832.7,0,0,0,2242,58,0,52.2,178.0,248.6,,48.3,135.0,1514.4,4691.0,1826.0,0,0,0,0,0,753,0.9442231075697212,0,14,36.153,758.589758754,753,0.7317397078353254,8,14,57.951,729.810194241,80,0.675,0,13,35.76,346.782388998,80,0.5875,0,13,41.043,366.147114512,753,0.852589641434263,0,85,36.153,676,753,0.6666666666666666,8,85,57.951,646.2,152,0.9342105263157895,0,2,39.422,744.783189567
workday,off,202,16,16,50.3,277.7,24.0,364.7,2272.7,0,2,0,2165,54,0,44.7,129.5,136.2,,47.0,136.0,1268.6,2961.2,1255.2,0,0,0,0,0,696,0.9497126436781609,0,14,35.152,764.033124391,696,0.735632183908046,4,14,54.68,703.505481628,66,0.7575757575757576,0,10,34.77,371.73512221,66,0.696969696969697,1,10,38.028,285.574482715,696,0.8491379310344828,0,84,35.152,734.6,696,0.6508620689655172,4,84,54.68,654.3,147,0.9727891156462585,0,1,35.744,714.212553796
workday,off,303,9,9,51.3,276.5,24.01,1136.2,8084.0,0,0,0,2206,70,0,42.0,126.0,142.7,,47.3,140.5,4024.1,8719.1,4074.1,0,0,0,0,0,751,0.9227696404793608,0,21,36.8,721.827046845,751,0.6524633821571239,5,21,65.159,729.207489039,104,0.6730769230769231,0,15,37.127,406.038253612,104,0.5384615384615384,0,15,40.31,354.939320117,751,0.8162450066577897,0,114,36.8,693.6,751,0.5832223701731025,5,114,65.159,649,149,0.8926174496644296,0,7,35.238,770.178768689
workday,off,404,10,10,57.0,277.0,24.0,549.5,4193.0,0,0,0,2212,55,0,45.5,125.5,199.2,,50.2,135.5,2065.4,5020.4,1943.0,0,0,0,0,0,741,0.9203778677462888,0,26,37.978,792.719532906,741,0.6936572199730094,5,26,64.505,744.746419553,62,0.6129032258064516,0,17,33.79,456.400067985,62,0.4838709677419355,1,17,44.79,402.643543131,741,0.8164642375168691,0,107,37.978,752.8,741,0.6126855600539811,5,107,64.505,692.1,161,0.9254658385093167,0,6,39.402,879.054849455
workday,decay,101,1387,4133,45.9,279.4,24.06,1035.3,7929.5,11926,0,84,2242,58,0,41.6,106.7,157.6,,40.8,90.7,485.4,2290.5,2308.2,10,0,1599,0,595,753,0.950863213811421,0,14,35.306,745.807253466,753,0.7861885790172642,8,14,49.188,702.75116451,80,0.6875,0,13,35.815,348.596229992,80,0.5375,0,13,39.151,502.693576297,753,0.8605577689243028,0,85,35.306,672.9,753,0.7065073041168659,8,85,49.188,641.7,152,0.9342105263157895,0,2,35.539,759.783189567
workday,decay,202,1263,3551,40.9,278.7,24.0,797.1,5338.2,11149,0,96,2165,54,0,37.5,75.0,99.5,,40.4,90.3,677.2,4367.5,1821.0,4,0,1548,0,567,696,0.9525862068965517,0,14,34.111,763.659688508,696,0.8045977011494253,5,14,45.203,680.543529159,66,0.7727272727272727,0,10,34.661,425.002045328,66,0.7575757575757576,1,10,36.181,350.036771436,696,0.8505747126436781,0,84,34.111,736.7,696,0.7169540229885057,5,84,45.203,654.3,147,0.9727891156462585,0,1,35.468,714.212553796
workday,decay,303,1535,3833,45.5,278.4,24.01,1599.7,15950.9,11674,0,117,2206,70,0,36.0,58.9,97.7,,40.5,91.2,1744.7,17132.0,3493.1,12,0,1580,0,568,751,0.9254327563249002,0,21,35.374,728.324198319,751,0.7443408788282291,6,21,44.518,686.993111354,104,0.7115384615384616,0,15,37.356,405.579333114,104,0.6057692307692307,0,15,40.31,406.038253612,751,0.8189081225033289,0,114,35.374,693.6,751,0.6498002663115846,6,114,44.518,641.1,149,0.8926174496644296,0,7,34.587,755.178768689
workday,decay,404,1555,3672,47.7,277.9,24.0,1129.3,8449.3,11550,0,131,2212,55,0,37.4,83.1,94.2,,41.6,96.5,939.0,2120.7,2538.1,7,0,1586,0,578,741,0.9271255060728745,0,26,35.475,796.814172628,741,0.7530364372469636,5,26,49.098,741.90136469,62,0.6129032258064516,0,17,31.97,469.062731279,62,0.532258064516129,1,17,44.14,469.062731279,741,0.8218623481781376,0,107,35.475,763.3,741,0.6572199730094467,5,107,49.098,707.4,161,0.9316770186335404,0,6,36.875,879.054849455
workday,"decay, oracle",101,2509,13138,38.0,281.2,24.32,1827.1,7394.7,25699,0,222,2242,58,0,33.6,54.1,76.5,,656.9,5494.9,114.5,294.2,2699.4,0,0,2091,0,93,753,0.9548472775564409,0,14,30.185,665.294786234,753,0.9123505976095617,8,14,47.719,553.53584647,80,0.7,0,13,31.711,346.782388998,80,0.675,0,13,34.935,348.596229992,753,0.8472775564409031,0,85,30.185,632,753,0.7835325365205843,8,85,47.719,557.8,152,0.9407894736842105,0,2,33.315,684.669499754
workday,"decay, oracle",202,2214,11815,31.5,280.5,24.11,1649.8,6878.8,24815,0,196,2165,54,0,30.8,54.5,75.0,,558.3,4959.1,117.2,318.7,2467.6,0,0,2021,0,90,696,0.9583333333333334,0,14,31.111,639.983011111,696,0.9310344827586207,5,14,39.765,459.078842738,66,0.7727272727272727,0,10,28.524,425.873004857,66,0.7575757575757576,0,10,30.821,389.683696185,696,0.8448275862068966,0,84,31.111,639.3,696,0.8002873563218391,5,84,39.765,455.9,147,0.9795918367346939,0,1,31.443,621.782494905
workday,"decay, oracle",303,2949,12100,36.9,282.2,24.59,2365.9,9749.5,24810,0,283,2206,70,0,31.7,52.3,59.2,,823.2,7848.7,127.1,352.3,3518.0,0,0,2039,0,97,751,0.9307589880159787,0,21,32.277,654.625628506,751,0.8881491344873502,7,21,43.797,470.486520847,104,0.7211538461538461,0,15,31.109,390.579333114,104,0.6923076923076923,0,15,34.913,390.579333114,751,0.8149134487350199,0,114,32.277,628.5,751,0.758988015978695,7,114,43.797,471.2,149,0.8926174496644296,0,7,30.262,730.527240481
workday,"decay, oracle",404,2678,12204,38.0,278.2,24.0,2064.0,8701.5,25139,0,217,2212,55,0,31.9,70.4,109.2,,771.9,6770.8,112.6,244.2,3050.0,0,0,2059,0,98,741,0.941970310391363,0,26,28.888,726.0127643,741,0.9176788124156545,6,26,42.13,562.289148607,62,0.6129032258064516,0,17,26.837,469.062731279,62,0.6129032258064516,1,17,32.648,469.062731279,741,0.8245614035087719,0,107,28.888,702.5,741,0.7813765182186235,6,107,42.13,561.9,161,0.9440993788819876,0,6,34.182,806.801182579
rock burst,off,101,6780,6780,125.9,306.0,48.08,7784.6,46445.2,0,210,0,2986,57,0,60.8,151.0,704.7,,144.6,1079.4,27012.4,71126,28586.0,0,0,0,0,0,685,0.9430656934306569,0,14,35.468,731.123116822,685,0.6554744525547446,1,14,75.643,730.878473736,79,0.7215189873417721,0,11,44.43,753.197577785,79,0.6455696202531646,0,11,53.587,825.67936878,685,0.8423357664233576,0,88,35.468,708.4,685,0.5854014598540146,1,88,75.643,679.3,139,0.935251798561151,0,3,34.473,606.927622594
rock burst,off,202,6682,6682,134.4,309.3,48.25,7616.4,48307.1,0,204,0,3086,75,0,104.7,659.3,1344.4,,128.9,986.4,32281.3,86545.1,27863.4,0,0,0,0,0,810,0.9222222222222223,0,14,35.594,792.265305435,810,0.6666666666666666,2,14,60.926,768.005405027,116,0.8189655172413793,0,13,33.899,490.408326208,116,0.6810344827586207,1,13,36.945,589.980144421,810,0.8148148148148148,0,118,35.594,744.4,810,0.5950617283950618,2,118,60.926,724.8,146,0.9041095890410958,0,4,36.342,819.626262454
rock burst,off,303,6010,6010,145.8,305.9,46.65,6325.1,29144.9,0,195,0,3103,76,1,95.3,685.9,1051.4,1051.4,131.9,940.0,20947.3,72652.5,23134.7,0,0,0,0,0,786,0.9122137404580153,0,18,37.868,772.97847374,786,0.6717557251908397,3,18,63.637,761.238931221,101,0.6534653465346535,0,16,43.546,661.56428513,101,0.5544554455445545,0,16,44.761,756.128350507,786,0.8129770992366412,0,100,37.868,728.9,786,0.5903307888040712,3,100,63.637,714.6,158,0.9177215189873418,0,4,40.374,675.670066355
rock burst,off,404,5881,5881,128.1,307.8,48.0,7226.9,38602.9,0,189,0,3001,63,0,69.8,177.7,576.0,,124.6,903.8,24118.8,67286.8,26431.4,0,0,0,0,0,795,0.9144654088050315,0,14,36.636,716.364952588,795,0.6742138364779874,7,14,69.672,710.606514962,96,0.71875,0,14,36.316,612.910076111,96,0.5208333333333334,0,14,88.341,738.364937702,795,0.8327044025157233,0,95,36.636,686.4,795,0.620125786163522,7,95,69.672,660.5,159,0.9371069182389937,0,4,37.303,635.395465908
rock burst,decay,101,7040,9949,129.8,301.4,32.78,5073.7,38409.7,18747,134,262,2986,57,0,55.8,159.6,689.7,,89.2,486.1,2716.6,37322.8,11612.8,5,0,2445,0,489,685,0.945985401459854,0,14,34.183,737.796872748,685,0.7664233576642335,1,14,47.021,702.77325089,79,0.7341772151898734,0,11,40.413,743.010620536,79,0.6708860759493671,0,11,42.403,825.67936878,685,0.8437956204379562,0,88,34.183,717.6,685,0.6817518248175183,1,88,47.021,662.4,139,0.9568345323741008,0,3,32.806,605.771877011
rock burst,decay,202,6122,9878,121.6,320.5,44.76,8044.8,57658.5,19442,138,206,3086,75,0,79.5,644.3,886.1,,87.8,456.1,5991.7,53957.9,17351.7,13,0,2571,0,453,810,0.9395061728395062,0,14,33.742,798.924702112,810,0.6839506172839506,2,14,47.926,794.482338305,116,0.8275862068965517,0,13,33.899,490.224191663,116,0.7068965517241379,1,13,36.856,453.807786731,810,0.8308641975308642,0,118,33.742,765.7,810,0.6111111111111112,2,118,47.926,765.7,146,0.9178082191780822,0,4,35.507,835.744493324
rock burst,decay,303,6053,9843,120.7,325.1,43.11,8176.2,55482.1,19005,124,192,3103,76,1,77.7,209.1,886.4,886.4,99.5,731.6,5944.1,54017.4,18148.1,15,0,2536,0,506,786,0.9198473282442748,0,18,35.481,783.469770988,786,0.6870229007633588,4,18,45.476,781.068194438,101,0.6336633663366337,0,16,35.223,765.778560169,101,0.5643564356435643,0,16,44.761,767.531513839,786,0.8206106870229007,0,100,35.481,729.9,786,0.6055979643765903,4,100,45.476,723.6,158,0.9240506329113924,0,4,36.817,692.405648821
rock burst,decay,404,6646,9767,118.1,316.0,39.4,7000.8,52729.6,20017,124,199,3001,63,0,52.2,110.1,569.6,,85.2,548.5,8110.5,48697.5,15964.1,12,0,2623,0,327,795,0.9421383647798742,0,14,35.634,756.485787361,795,0.7320754716981132,7,14,45.727,756.485787361,96,0.75,0,14,35.58,506.046509,96,0.59375,0,14,48.152,612.910076111,795,0.8591194968553459,0,95,35.634,721.7,795,0.6691823899371069,7,95,45.727,722.9,159,0.9433962264150944,0,4,36.199,589.936417175
rock burst,"decay, oracle",101,4489,17133,97.5,330.4,40.35,9999.3,37424.5,32862,50,457,2986,57,0,37.1,69.6,254.7,,3731.0,31752.3,129.5,282.7,15500.5,0,0,2830,0,99,685,0.9562043795620438,0,14,30.6,618.783740625,685,0.9153284671532846,1,14,41.057,499.146007718,79,0.759493670886076,0,11,36.324,657.337326673,79,0.759493670886076,0,11,40.625,657.337326673,685,0.8437956204379562,0,88,30.6,617.4,685,0.7956204379562044,1,88,41.057,480.2,139,0.9568345323741008,0,3,29.164,571.792604681
rock burst,"decay, oracle",202,4784,17442,106.1,333.6,44.8,10244.0,40483.5,33680,58,495,3086,75,0,35.3,73.8,254.3,,3647.6,32442.0,154.7,496.1,15756.2,0,0,2920,0,91,810,0.9506172839506173,0,14,29.56,686.942622144,810,0.9148148148148149,2,14,43.296,549.693531402,116,0.8275862068965517,0,13,31.112,576.66768954,116,0.8189655172413793,0,13,33.899,505.224191663,810,0.828395061728395,0,118,29.56,664,810,0.7777777777777778,2,118,43.296,548.8,146,0.9246575342465754,0,4,30.639,733.16838918
rock burst,"decay, oracle",303,4625,17891,103.7,338.8,48.16,11832.2,48002.2,33890,42,399,3103,76,1,40.0,112.4,220.1,181.4,4210.1,34083.4,166.6,526.4,18037.8,0,0,2918,0,109,786,0.9363867684478372,0,18,29.764,654.683625843,786,0.8893129770992366,3,18,41.508,488.250627244,101,0.693069306930693,0,16,30.653,648.934162147,101,0.6633663366336634,0,16,38.494,712.587330929,786,0.8346055979643766,0,100,29.764,630.1,786,0.7659033078880407,3,100,41.508,468.7,158,0.9240506329113924,0,4,29.156,629.058721024
rock burst,"decay, oracle",404,5375,17701,105.6,325.7,40.76,8932.5,30447.8,33822,49,490,3001,63,0,41.2,69.6,269.6,,3178.6,28642.3,159.1,396.8,13631.4,0,0,2854,0,84,795,0.9371069182389937,0,14,31.352,630.42829668,795,0.8742138364779874,7,14,42.624,535.700100115,96,0.7395833333333334,0,14,32.944,537.460935532,96,0.71875,0,14,36.988,612.196518292,795,0.8327044025157233,0,95,31.352,633.3,795,0.7522012578616353,7,95,42.624,545,159,0.9371069182389937,0,4,31.842,458.911938972
earthquake,off,101,23046,23046,348.6,387.2,48.12,16257.6,86360.6,0,698,0,5167,97,1,153.0,730.5,2916.8,29.9,398.8,2810.0,56267.7,86529.9,59106.1,0,0,0,0,0,914,0.8916849015317286,0,19,36.576,812.174042985,914,0.6367614879649891,8,19,78.922,773.058675483,171,0.7777777777777778,0,23,32.843,832.862079919,171,0.672514619883041,1,23,37.533,1091.535410868,914,0.8074398249452954,0,102,36.576,759.4,914,0.5700218818380745,8,102,78.922,737,173,0.9017341040462428,0,7,35.495,766.195023972
earthquake,off,202,24997,24997,351.2,395.3,48.31,17032.0,86401.6,0,722,0,5249,137,2,470.0,2966.2,3174.8,392.5,425.0,3017.2,60484.3,86543.9,61721.9,0,0,0,0,0,1093,0.8636779505946935,0,28,37.162,777.721548012,1093,0.5846294602012809,34,28,77.881,769.990564213,232,0.7586206896551724,0,17,40.285,626.209571864,232,0.6077586206896551,6,17,63.696,655.704140305,1093,0.7255260750228728,0,198,37.162,712.7,1093,0.48947849954254347,34,198,77.881,728,165,0.7818181818181819,0,9,36.241,789.503470183
earthquake,off,303,25567,25567,358.8,390.5,48.2,16724.1,86391.1,0,761,0,5216,105,2,407.1,3032.8,3214.5,460.2,484.7,3054.0,56457.1,86559.3,60270.4,0,0,0,0,0,946,0.8372093023255814,0,20,37.916,815.222341988,946,0.5507399577167019,19,20,139.945,807.084381506,202,0.6534653465346535,0,18,39.33,879.535,202,0.5544554455445545,2,18,50.434,879.535,946,0.7610993657505285,0,113,37.916,757.6,946,0.4915433403805497,19,113,139.945,764.2,168,0.8154761904761905,0,4,40.036,885.042938137
earthquake,off,404,26284,26284,369.2,398.9,48.11,17129.8,86409.8,0,756,0,5401,151,4,545.2,3254.3,3352.8,1021.4,457.2,3082.0,64092.2,86642.9,61401.4,0,0,0,0,0,1608,0.7991293532338308,0,39,38.918,816.059678614,1608,0.5597014925373134,21,39,102.392,801.647853601,263,0.7452471482889734,0,25,40.306,941.555363241,263,0.6577946768060836,2,25,41.178,1020.001,1608,0.7493781094527363,0,142,38.918,768.7,1608,0.5192786069651741,21,142,102.392,759.4,323,0.7708978328173375,0,6,41.326,796.446081204
earthquake,decay,101,18350,22395,345.1,388.6,48.06,16046.4,85343.8,37016,570,528,5167,97,1,53.4,176.0,906.8,29.9,151.0,981.2,7883.1,13213.4,40013.4,9,0,4695,0,384,914,0.9223194748358862,0,19,34.599,816.043323456,914,0.6980306345733042,7,19,48.922,782.008741266,171,0.8187134502923976,0,23,29.937,816.45333404,171,0.7309941520467836,1,23,34.354,984.493604533,914,0.838074398249453,0,102,34.599,766.6,914,0.6312910284463895,7,102,48.922,731.9,173,0.9075144508670521,0,7,34.149,783.366577585
earthquake,decay,202,20244,24725,348.9,396.8,48.2,18723.2,86474.5,36738,498,204,5249,137,2,198.4,1263.4,1357.5,400.0,166.4,1188.0,24601.4,85312.7,44790.9,24,0,4691,0,445,1093,0.9158279963403476,0,28,35.802,782.421322105,1093,0.6285452881976212,37,28,53.095,789.503470183,232,0.7931034482758621,0,17,31.235,672.884794195,232,0.6508620689655172,6,17,41.549,783.913535575,1093,0.7657822506861848,0,198,35.802,712.7,1093,0.5233302836230558,37,198,53.095,740.6,165,0.8545454545454545,0,9,32.678,808.930320969
earthquake,decay,303,19528,24333,343.5,403.4,48.12,18451.5,86370.7,37560,499,380,5216,105,2,206.8,1706.1,2078.6,392.7,223.6,1609.1,10717.3,15885.6,42066.0,10,0,4794,0,327,946,0.8953488372093024,0,20,34.14,801.996301065,946,0.6215644820295984,19,20,56.26,787.270621252,202,0.7128712871287128,0,18,31.352,834.100540181,202,0.6089108910891089,2,18,36.28,780.307832176,946,0.8107822410147991,0,113,34.14,750.6,946,0.5591966173361522,19,113,56.26,730.9,168,0.9166666666666666,0,4,33.431,827.343951719
earthquake,decay,404,21917,26077,382.8,383.3,47.74,17024.8,86199.7,38524,759,157,5401,151,4,330.5,2024.7,2362.8,717.6,277.1,2041.5,38394.8,86066.0,44993.3,25,0,4838,0,437,1608,0.8258706467661692,0,39,37.407,816.658401399,1608,0.5951492537313433,21,39,64.306,828.403560224,263,0.7718631178707225,0,25,40.306,897.739206313,263,0.688212927756654,2,25,42.724,990.001,1608,0.7742537313432836,0,142,37.407,775.1,1608,0.5534825870646766,21,142,64.306,783.7,323,0.7956656346749226,0,6,38.645,786.852638138
earthquake,"decay, oracle",101,11188,28160,301.9,429.7,48.12,22968.5,86371.1,51100,243,428,5167,97,1,30.7,44.9,229.4,29.9,7875.9,81828.0,159.6,528.4,38937.7,0,0,4979,0,91,914,0.9485776805251641,0,19,28.841,716.520444559,914,0.9091903719912473,6,19,36.714,598.820276077,171,0.8304093567251462,0,23,25.499,816.45333404,171,0.8128654970760234,1,23,26.943,824.701077512,914,0.8424507658643327,0,102,28.841,696.6,914,0.7932166301969366,6,102,36.714,587.8,173,0.9421965317919075,0,7,28.984,698.522101125
earthquake,"decay, oracle",202,12516,29922,312.0,431.6,48.26,22768.8,86416.5,52706,264,366,5249,137,2,41.6,123.4,582.2,160.0,8564.8,86112.8,292.5,1187.2,38814.4,0,0,5009,0,103,1093,0.9432753888380604,0,28,28.22,707.727724224,1093,0.8151875571820677,41,28,37.807,617.906798437,232,0.8663793103448276,0,17,27.861,684.776644687,232,0.8318965517241379,6,17,29.298,684.776644687,1093,0.7758462946020128,0,198,28.22,651,1093,0.6678865507776761,41,198,37.807,607.2,165,0.8909090909090909,0,9,26.972,785.898817819
earthquake,"decay, oracle",303,12789,30067,307.0,435.9,48.34,25241.2,86500.4,52117,156,310,5216,105,2,29.5,44.4,230.5,130.2,9467.3,86249.3,161.0,604.2,42996.6,0,0,5004,0,107,946,0.9556025369978859,0,20,27.014,739.553648476,946,0.8985200845665962,19,20,31.958,599.015686105,202,0.8613861386138614,0,18,25.177,834.100540181,202,0.8564356435643564,1,18,27.014,877.419754341,946,0.8562367864693446,0,113,27.014,697.4,946,0.773784355179704,19,113,31.958,614.5,168,0.9464285714285714,0,4,27.034,827.154737804
earthquake,"decay, oracle",404,14371,31601,322.2,441.3,48.15,22677.8,86437.4,55497,242,326,5401,151,4,34.5,54.3,255.6,76.4,8141.7,86055.8,566.9,1998.0,38131.9,0,0,5138,0,112,1608,0.9166666666666666,0,39,28.42,740.636467471,1608,0.7947761194029851,22,39,36.006,692.527354826,263,0.870722433460076,0,25,25.502,956.432500132,263,0.8250950570342205,1,25,29.183,1004.223448818,1608,0.8488805970149254,0,142,28.42,712.7,1608,0.724502487562189,22,142,36.006,684.6,323,0.9473684210526315,0,6,28.18,728.640827094
