areas,mix,intent,seed,sla_breaches,sla_breaches_as_submitted,cloud_hours,local_hours,drained_hours,mean_wait_s,p95_wait_s,jobs_reprioritised,overload_decisions,accepted_breach_cycles,events,exposing_events,exposing_high_events,ttl_exposing_mean_s,ttl_exposing_p95_s,ttl_exposing_max_s,ttl_exposing_high_mean_s,ttl_all_mean_s,ttl_all_p95_s,ttp_exposing_mean_s,ttp_exposing_p95_s,ttp_all_mean_s,exposing_ever_decayed,exposing_promoted,decayed_events,promoted_events,harmless_kept_events,turn-back.decisions,turn-back.in_time_share,turn-back.never,turn-back.unwinnable,turn-back.latency_p50_s,turn-back.slack_p50_s,turn-back warned.decisions,turn-back warned.in_time_share,turn-back warned.never,turn-back warned.unwinnable,turn-back warned.latency_p50_s,turn-back warned.slack_p50_s,way-out.decisions,way-out.in_time_share,way-out.never,way-out.unwinnable,way-out.latency_p50_s,way-out.slack_p50_s,way-out warned.decisions,way-out warned.in_time_share,way-out warned.never,way-out warned.unwinnable,way-out warned.latency_p50_s,way-out warned.slack_p50_s,reroute.decisions,reroute.in_time_share,reroute.never,reroute.unwinnable,reroute.latency_p50_s,reroute.slack_p50_s,reroute warned.decisions,reroute warned.in_time_share,reroute warned.never,reroute warned.unwinnable,reroute warned.latency_p50_s,reroute warned.slack_p50_s,machines.decisions,machines.in_time_share,machines.never,machines.unwinnable,machines.latency_p50_s,machines.slack_p50_s
2 faces,mostly blasting,off,101,799,799,84.1,239.6,24.01,3283.7,20736.0,0,75,0,2138,80,0,43.6,107.8,141.2,,62.0,233.6,11465.9,20889.5,12160.8,0,0,0,0,0,465,0.9161290322580645,0,9,35.453,615.70534247,465,0.5978494623655914,13,9,44.865,627.947210076,429,0.9417249417249417,0,12,39.321,1723.685,429,0.6853146853146853,6,12,46.872,1723.685,465,0.6537634408602151,0,150,35.453,591.4,465,0.4064516129032258,13,150,44.865,649.9,88,0.8977272727272727,0,0,42.192,628.429198948
2 faces,mostly blasting,off,202,3041,3041,90.5,240.6,24.0,4298.3,24789.2,0,146,0,2218,80,0,44.4,102.4,162.9,,73.1,331.9,13370.2,24784.0,15646.5,0,0,0,0,0,81,0.9506172839506173,0,1,38.867,787.56130907,81,0.654320987654321,0,1,44.356,787.56130907,454,1,0,0,37.507,1732.493,454,0.8237885462555066,0,0,40.324,1731.488,81,0.8888888888888888,0,8,38.867,679.9,81,0.6172839506172839,0,8,44.356,644,30,0.9666666666666667,0,0,39.29,873.80963521
2 faces,mostly blasting,off,303,3156,3156,93.0,240.4,24.02,3838.2,22079.0,0,161,0,2233,80,0,44.6,93.6,147.2,,79.6,352.1,12339.5,22409.5,13867.4,0,0,0,0,0,334,0.9191616766467066,0,10,36.798,553.663633634,334,0.6017964071856288,10,10,61.175,573.228933501,501,0.9760479041916168,0,5,38.623,1725.391,501,0.8303393213572854,9,5,44.032,1725.391,334,0.7125748502994012,0,86,36.798,529.4,334,0.4820359281437126,10,86,61.175,538.8,63,0.873015873015873,0,3,33.168,908.694164113
2 faces,mostly blasting,off,404,98,98,89.2,237.4,24.05,2649.5,16134.5,0,53,0,2112,85,0,45.7,107.9,225.4,,63.9,194.1,9633.4,17115.4,9789.6,0,0,0,0,0,220,0.9045454545454545,0,8,36.486,716.820472274,220,0.5409090909090909,0,8,111.682,811.5416279,485,0.977319587628866,0,8,37.349,1732.651,485,0.7072164948453609,0,8,48.776,1732.152,220,0.6772727272727272,0,68,36.486,790.3,220,0.43636363636363634,0,68,111.682,790.3,168,0.875,0,8,37.704,689.94769949
2 faces,mostly blasting,decay,101,1185,3424,88.4,239.2,24.01,2817.9,19983.3,11144,28,56,2138,80,0,38.6,65.0,117.6,,40.0,87.4,2349.3,10677.0,7556.0,15,0,1674,0,399,465,0.9225806451612903,0,9,36.529,627.947210076,465,0.6645161290322581,13,9,44.661,600.72389981,429,0.9440559440559441,0,12,38.028,1727.941,429,0.8251748251748252,2,12,41.605,1722.293,465,0.6580645161290323,0,150,36.529,611.3,465,0.45376344086021503,13,150,44.661,638.4,88,0.9090909090909091,0,0,37.807,655.406395978
2 faces,mostly blasting,decay,202,1697,4552,90.9,242.1,24.0,4194.5,26027.3,12168,41,129,2218,80,0,38.0,75.5,162.9,,41.5,88.5,2910.3,13230.3,10705.0,15,0,1789,0,364,81,0.9506172839506173,0,1,37.544,787.56130907,81,0.7654320987654321,0,1,40.082,787.56130907,454,1,0,0,32.59,1737.335,454,0.8876651982378855,0,0,37.268,1734.155,81,0.9012345679012346,0,8,37.544,697.3,81,0.7037037037037037,0,8,40.082,704,30,0.9666666666666667,0,0,38.157,873.80963521
2 faces,mostly blasting,decay,303,1285,4515,97.5,239.6,24.02,3202.7,19678.0,12769,74,67,2233,80,0,37.4,62.3,114.5,,42.0,93.7,2301.5,16632.1,7829.0,17,0,1847,0,323,334,0.9221556886227545,0,10,34.331,546.712122808,334,0.6856287425149701,10,10,44.355,597.089370226,501,0.9740518962075848,0,5,34.331,1726.918,501,0.8662674650698603,0,5,40.01,1726.918,334,0.7065868263473054,0,86,34.331,534.8,334,0.5269461077844312,10,86,44.355,576.5,63,0.9047619047619048,0,3,31.905,885.193645328
2 faces,mostly blasting,decay,404,816,3594,93.2,236.9,24.05,2245.2,14473.4,11085,27,26,2112,85,0,35.3,61.7,147.2,,39.9,78.6,1335.6,8875.1,5652.7,19,0,1667,0,378,220,0.9,0,8,30.806,716.820472274,220,0.6772727272727272,0,8,42.964,793.733804823,485,0.977319587628866,0,8,33.439,1734.487,485,0.8412371134020619,0,8,39.231,1732.491,220,0.6772727272727272,0,68,30.806,796.2,220,0.55,0,68,42.964,763,168,0.8988095238095238,0,8,29.97,684.674606647
2 faces,balanced,off,101,45,45,62.8,275.0,24.02,781.8,7205.8,0,11,0,2166,90,2,48.7,120.3,173.7,73.1,45.0,121.2,2028.2,7811.2,2868.6,0,0,0,0,0,364,0.9423076923076923,0,8,37.593,538.69264294,364,0.6923076923076923,2,8,51.101,612.017163456,532,0.9642857142857143,0,9,38.585,1726.66,532,0.8909774436090225,0,9,42.588,1718.899,364,0.6538461538461539,0,112,37.593,562.6,364,0.5082417582417582,2,112,51.101,585.8,91,0.9560439560439561,0,1,34.664,630.454645536
2 faces,balanced,off,202,62,62,65.6,274.8,24.0,1287.2,9347.9,0,5,0,2230,109,0,44.1,111.4,192.4,,47.7,131.3,4092.0,10725.7,4639.8,0,0,0,0,0,121,0.9669421487603306,0,0,35.494,883.730632761,121,0.7520661157024794,0,0,39.935,832.653405522,631,0.9952456418383518,0,2,33.023,1736.977,631,0.9001584786053882,0,2,43.542,1727.772,121,0.859504132231405,0,5,35.494,869,121,0.6611570247933884,0,5,39.935,845.4,52,0.9423076923076923,0,0,38.323,821.873642578
2 faces,balanced,off,303,19,19,59.5,276.6,24.02,833.4,6973.3,0,0,0,2170,81,1,40.4,98.7,130.6,29.0,44.1,123.0,2079.4,7329.8,2999.5,0,0,0,0,0,358,0.9385474860335196,0,7,31.485,518.606982268,358,0.6759776536312849,2,7,45.578,454.027381801,402,0.9626865671641791,0,8,29.922,1737.675,402,0.8308457711442786,0,8,42.176,1726.538,358,0.6731843575418994,0,105,31.485,520.2,358,0.48044692737430167,2,105,45.578,454.5,83,0.9518072289156626,0,3,30.532,694.99925098
2 faces,balanced,off,404,7,7,56.0,271.8,24.05,734.2,6404.0,0,0,0,2067,99,1,48.4,147.8,285.3,29.8,45.9,124.5,1763.9,6348.4,2699.6,0,0,0,0,0,185,0.9459459459459459,0,1,37.412,686.717196956,185,0.6918918918918919,0,1,44.832,677.792628612,600,0.99,0,4,35.104,1734.507,600,0.9066666666666666,0,4,39.975,1732.484,185,0.7297297297297297,0,44,37.412,660.099999999,185,0.5297297297297298,0,44,44.832,660.099999999,110,0.9545454545454546,0,1,36.996,635.830895834
2 faces,balanced,decay,101,474,2755,63.4,274.2,24.02,649.9,5621.5,10195,19,24,2166,90,2,39.7,68.7,158.7,73.1,37.1,74.8,273.6,666.8,1715.3,13,0,1622,0,467,364,0.945054945054945,0,8,36.58,542.99965635,364,0.8021978021978022,1,8,49.474,576.276606017,532,0.9718045112781954,0,9,38.374,1727.667,532,0.9379699248120301,0,9,40.598,1725.434,364,0.6538461538461539,0,112,36.58,574.9,364,0.5604395604395604,1,112,49.474,574.9,91,0.9560439560439561,0,1,32.236,641.550430299
2 faces,balanced,decay,202,685,3653,59.6,275.6,24.0,1609.9,12584.6,11165,1,57,2230,109,0,39.1,88.3,160.0,,39.1,82.6,815.1,4057.7,3942.3,17,0,1672,0,466,121,0.9669421487603306,0,0,30.894,883.085309012,121,0.768595041322314,0,0,38.323,773.134028919,631,0.9952456418383518,0,2,32.21,1737.79,631,0.9270998415213946,0,2,40.751,1731.779,121,0.859504132231405,0,5,30.894,914,121,0.6611570247933884,0,5,38.323,764,52,0.9423076923076923,0,0,35.494,821.873642578
2 faces,balanced,decay,303,624,3307,56.0,275.4,24.02,1267.7,9221.7,10821,14,29,2170,81,1,34.8,75.3,85.6,29.0,37.2,73.7,996.3,6535.0,3185.0,16,0,1669,0,435,358,0.9441340782122905,0,7,30.907,518.606982268,358,0.7150837988826816,2,7,40.608,454.027381801,402,0.9651741293532339,0,8,29.629,1739.982,402,0.835820895522388,0,8,40.254,1727.824,358,0.6815642458100558,0,105,30.907,505.899999999,358,0.5027932960893855,2,105,40.608,455.5,83,0.9518072289156626,0,3,30.532,694.99925098
2 faces,balanced,decay,404,498,3306,45.9,272.2,24.06,1586.2,12755.1,10587,0,55,2067,99,1,40.2,77.9,240.3,29.8,38.8,79.8,1131.8,12618.8,3804.1,17,0,1569,0,416,185,0.9351351351351351,0,1,33.471,726.473724192,185,0.7513513513513513,0,1,43.334,677.792628612,600,0.99,0,4,34.724,1734.896,600,0.9033333333333333,0,4,39.01,1733.146,185,0.7189189189189189,0,44,33.471,660.099999999,185,0.572972972972973,0,44,43.334,669.8,110,0.9363636363636364,0,1,32.863,654.786136922
2 faces,mostly working,off,101,10,10,49.0,283.5,24.08,319.9,2451.7,0,0,0,2207,129,0,48.6,134.8,237.0,,46.3,127.9,661.9,2371.6,1118.2,0,0,0,0,0,440,0.9136363636363637,0,16,37.871,598.46648621,440,0.6909090909090909,6,16,56.952,591.861490133,757,0.9682959048877147,0,14,37.678,1728.366,757,0.9273447820343461,0,14,42.705,1721.385,440,0.6522727272727272,0,141,37.871,511.3,440,0.49318181818181817,6,141,56.952,511.7,91,0.967032967032967,0,0,33.975,798.25333416
2 faces,mostly working,off,202,23,23,49.4,283.1,24.04,634.2,4255.5,0,0,0,2268,109,0,39.8,86.1,154.1,,47.1,129.7,2083.5,5057.8,2235.5,0,0,0,0,0,105,0.9809523809523809,0,2,32.734,919.867023055,105,0.638095238095238,0,2,58.585,859.869006745,644,0.9953416149068323,0,3,32.756,1736.732,644,0.8819875776397516,0,3,39.946,1733.986,105,0.9428571428571428,0,5,32.734,798.5,105,0.5904761904761905,0,5,58.585,693.5,53,0.9811320754716981,0,1,37.971,773.453969241
2 faces,mostly working,off,303,19,19,45.9,282.4,24.03,341.9,2844.9,0,0,0,2188,110,0,44.6,114.8,179.7,,44.3,116.5,699.8,2459.8,1205.8,0,0,0,0,0,421,0.9121140142517815,0,13,38.462,521.960582437,421,0.7482185273159145,2,13,57.487,465.396872183,620,0.9548387096774194,0,16,37.384,1729.082,620,0.9145161290322581,2,16,46.79,1711.667,421,0.6769596199524941,0,115,38.462,558.9,421,0.5629453681710214,2,115,57.487,504.7,93,0.9032258064516129,0,4,37.245,702.489093615
2 faces,mostly working,off,404,7,7,40.3,283.5,24.05,221.1,1544.6,0,0,0,2072,125,0,44.0,108.2,217.5,,44.3,114.0,462.6,1484.5,742.8,0,0,0,0,0,189,0.9365079365079365,0,4,37.428,761.338766634,189,0.7248677248677249,0,4,50.089,665.966463623,727,0.9917469050894085,0,4,36.936,1733.064,727,0.9876203576341128,0,4,41.369,1728.631,189,0.8306878306878307,0,29,37.428,646.2,189,0.6402116402116402,0,29,50.089,582.7,123,0.9024390243902439,0,4,35.333,761.338766634
2 faces,mostly working,decay,101,339,3491,41.4,283.1,24.09,620.0,4799.4,10996,0,34,2207,129,0,40.9,91.6,146.4,,38.3,81.1,434.7,1649.9,1492.4,15,0,1580,0,513,440,0.9272727272727272,0,16,34.434,585.604412741,440,0.6295454545454545,7,16,66.717,611.000489897,757,0.9709379128137384,0,14,35.955,1731.35,757,0.9352708058124174,0,14,39.738,1727.487,440,0.6545454545454545,0,141,34.434,508.2,440,0.4636363636363636,7,141,66.717,511.7,91,0.978021978021978,0,0,33.975,810.472982698
2 faces,mostly working,decay,202,561,4452,41.7,284.2,24.05,1100.9,7444.8,11389,0,45,2268,109,0,35.1,67.1,101.1,,39.1,84.9,522.3,3020.0,2572.0,11,0,1591,0,579,105,0.9714285714285714,0,2,34.721,904.867023055,105,0.8380952380952381,0,2,43.664,824.583278613,644,0.9953416149068323,0,3,30.796,1739.028,644,0.9332298136645962,0,3,37.291,1733.986,105,0.9428571428571428,0,5,34.721,753.5,105,0.780952380952381,0,5,43.664,678.5,53,0.9622641509433962,0,1,34.068,796.881219886
2 faces,mostly working,decay,303,389,3671,37.6,282.5,24.02,846.3,5400.2,10932,0,31,2188,110,0,38.3,74.0,89.7,,36.9,72.5,624.0,5096.8,2014.2,18,0,1594,0,502,421,0.9144893111638955,0,13,37.202,522.409175292,421,0.7125890736342043,2,13,46.947,554.730549168,620,0.9580645161290322,0,16,38.617,1730.19,620,0.8419354838709677,4,16,40.614,1729.311,421,0.6864608076009501,0,115,37.202,543.9,421,0.5415676959619953,2,115,46.947,580.6,93,0.9032258064516129,0,4,37.245,732.489093615
2 faces,mostly working,decay,404,141,3132,32.7,283.2,24.06,377.5,3243.1,10337,0,10,2072,125,0,39.0,78.2,123.5,,37.4,74.4,319.4,1226.7,879.2,25,0,1469,0,502,189,0.9365079365079365,0,4,36.934,761.338766634,189,0.8571428571428571,0,4,43.326,702.905609281,727,0.9917469050894085,0,4,35.658,1734.342,727,0.9752407152682255,0,4,42.82,1727.18,189,0.8306878306878307,0,29,36.934,646.2,189,0.746031746031746,0,29,43.326,640,123,0.9024390243902439,0,4,34.47,761.338766634
4 faces,mostly blasting,off,101,799,799,84.1,239.6,24.01,3283.7,20736.0,0,75,0,2138,61,0,46.2,115.7,141.2,,62.0,233.6,11714.2,20872.5,12160.8,0,0,0,0,0,283,0.9363957597173145,0,5,36.939,580.970877476,283,0.5865724381625441,2,5,68.903,584.014144304,222,0.9234234234234234,0,10,40.166,1725.658,222,0.6936936936936937,0,10,44.149,1723.128,283,0.7102473498233216,0,72,36.939,574.9,283,0.42402826855123676,2,72,68.903,575.4,94,0.9148936170212766,0,0,36.937,626.05498489
4 faces,mostly blasting,off,202,3041,3041,90.5,240.6,24.0,4298.3,24789.2,0,146,0,2218,68,0,47.3,117.3,162.9,,73.1,331.9,13948.2,24799.5,15646.5,0,0,0,0,0,115,0.9478260869565217,0,2,38.867,546.314731111,115,0.6086956521739131,1,2,47.59,523.682329574,252,0.9920634920634921,0,0,38.512,1731.488,252,0.8333333333333334,0,0,40.324,1731.101,115,0.8782608695652174,0,10,38.867,533.3,115,0.5565217391304348,1,10,47.59,544.9,36,0.9444444444444444,0,0,38.157,760.690141389
4 faces,mostly blasting,off,303,3156,3156,93.0,240.4,24.02,3838.2,22079.0,0,161,0,2233,78,0,43.4,101.3,147.2,,79.6,352.1,13719.2,22727.2,13867.4,0,0,0,0,0,184,0.9184782608695652,0,5,35.307,587.746060819,184,0.6521739130434783,0,5,49.712,617.337510473,275,0.9709090909090909,0,4,38.423,1725.968,275,0.8290909090909091,0,4,43.435,1724.381,184,0.7554347826086957,0,39,35.307,585,184,0.5652173913043478,0,39,49.712,559.5,94,0.9042553191489362,0,3,33.881,770.229617539
4 faces,mostly blasting,off,404,98,98,89.2,237.4,24.05,2649.5,16134.5,0,53,0,2112,78,0,43.9,107.9,207.2,,63.9,194.1,8867.0,16428.5,9789.6,0,0,0,0,0,116,0.9051724137931034,0,2,38.185,933.551861397,116,0.5948275862068966,0,2,106.403,933.551861397,241,0.983402489626556,0,2,37.537,1732.463,241,0.7634854771784232,0,2,44.952,1731.16,116,0.7327586206896551,0,29,38.185,790.3,116,0.5,0,29,106.403,790.3,90,0.8777777777777778,0,2,37.473,924.503147907
4 faces,mostly blasting,decay,101,1247,3601,84.2,239.9,24.01,3207.7,22692.0,11639,16,109,2138,61,0,38.3,66.9,117.6,,40.3,86.7,2343.4,16593.7,8494.9,11,0,1732,0,356,283,0.9363957597173145,0,5,36.937,610.214096881,283,0.6749116607773852,2,5,50.144,614.014144304,222,0.9234234234234234,0,10,38.028,1728.062,222,0.8153153153153153,0,10,41.605,1727.941,283,0.7173144876325088,0,72,36.937,611.3,283,0.5335689045936396,2,72,50.144,623.4,94,0.9148936170212766,0,0,36.264,655.406395978
4 faces,mostly blasting,decay,202,1531,4355,91.2,243.1,24.0,4150.2,27236.9,12190,54,86,2218,68,0,41.8,82.0,147.9,,41.6,88.2,2255.4,8822.6,10502.0,9,0,1807,0,352,115,0.9478260869565217,0,2,38.157,561.314731111,115,0.7739130434782608,1,2,44.919,535.292456331,252,0.9920634920634921,0,0,37.507,1731.488,252,0.9166666666666666,0,0,40.819,1729.676,115,0.8956521739130435,0,10,38.157,496.9,115,0.7304347826086957,1,10,44.919,458.3,36,0.9444444444444444,0,0,37.16,760.690141389
4 faces,mostly blasting,decay,303,1402,4470,97.9,239.8,24.02,3129.2,20455.9,12632,69,63,2233,78,0,37.3,71.3,93.6,,42.4,93.7,1937.3,16812.1,7618.1,12,0,1796,0,371,184,0.9293478260869565,0,5,33.379,612.029617538,184,0.7119565217391305,0,5,43.731,665.803386719,275,0.9745454545454545,0,4,37.496,1726.918,275,0.8945454545454545,0,4,41.675,1725.391,184,0.7608695652173914,0,39,33.379,587.5,184,0.6086956521739131,0,39,43.731,621.7,94,0.925531914893617,0,3,31.799,727.496304995
4 faces,mostly blasting,decay,404,1170,3579,88.6,239.5,24.05,2694.6,19124.6,10905,32,47,2112,78,0,37.0,70.2,147.2,,40.8,82.3,1684.9,12924.2,6959.8,15,0,1657,0,392,116,0.9224137931034483,0,2,34.698,924.503147907,116,0.7586206896551724,0,2,42.847,878.648554795,241,0.983402489626556,0,2,35.513,1734.016,241,0.8506224066390041,0,2,38.84,1731.356,116,0.7155172413793104,0,29,34.698,820.3,116,0.5862068965517241,0,29,42.847,825.2,90,0.9,0,2,33.543,878.648554795
4 faces,balanced,off,101,45,45,62.8,275.0,24.02,781.8,7205.8,0,11,0,2166,72,2,46.7,111.4,139.4,73.1,45.0,121.2,2040.2,7811.2,2868.6,0,0,0,0,0,260,0.9346153846153846,0,9,34.994,630.454645536,260,0.7076923076923077,2,9,42.588,627.327673541,283,0.9611307420494699,0,6,38.486,1726.966,283,0.8904593639575972,0,6,45.046,1718.899,260,0.6961538461538461,0,68,34.994,684.9,260,0.5269230769230769,2,68,42.588,630.3,92,0.9565217391304348,0,1,30.811,630.454645536
4 faces,balanced,off,202,62,62,65.6,274.8,24.0,1287.2,9347.9,0,5,0,2230,96,0,41.1,111.4,192.4,,47.7,131.3,4691.1,10831.1,4639.8,0,0,0,0,0,127,0.968503937007874,0,1,35.179,753.207914244,127,0.7244094488188977,0,1,44.19,798.202610041,325,0.9907692307692307,0,2,32.101,1736.124,325,0.8830769230769231,0,2,37.891,1734.04,127,0.84251968503937,0,10,35.179,763.3,127,0.6456692913385826,0,10,44.19,798.9,54,0.9629629629629629,0,0,35.969,817.922392907
4 faces,balanced,off,303,19,19,59.5,276.6,24.02,833.4,6973.3,0,0,0,2170,77,1,40.7,98.7,130.6,29.0,44.1,123.0,2254.7,7454.1,2999.5,0,0,0,0,0,189,0.8941798941798942,0,9,35.473,557.5445508,189,0.6402116402116402,2,9,49.546,465.583525762,272,0.9632352941176471,0,5,32.055,1734.143,272,0.8676470588235294,1,5,43.282,1727.533,189,0.6984126984126984,0,49,35.473,505.899999999,189,0.48148148148148145,2,49,49.546,495.5,87,0.896551724137931,0,5,35.56,612.119990759
4 faces,balanced,off,404,7,7,56.0,271.8,24.05,734.2,6404.0,0,0,0,2067,105,1,49.3,147.8,285.3,29.8,45.9,124.5,1626.3,6127.3,2699.6,0,0,0,0,0,126,0.9444444444444444,0,1,36.653,774.605494216,126,0.7301587301587301,0,1,48.031,726.473724192,314,0.9840764331210191,0,4,35.104,1734.896,314,0.89171974522293,0,4,42.237,1727.837,126,0.7936507936507936,0,22,36.653,700.4,126,0.6111111111111112,0,22,48.031,700.4,82,0.9390243902439024,0,1,35.104,654.786136922
4 faces,balanced,decay,101,345,2704,63.3,274.3,24.02,645.1,5418.4,10540,7,15,2166,72,2,37.9,64.4,95.0,73.1,36.8,72.8,233.7,574.3,1714.3,11,0,1694,0,411,260,0.9346153846153846,0,9,32.454,642.327673541,260,0.8,2,9,45.071,622.195991547,283,0.9681978798586572,0,6,37.282,1727.728,283,0.9434628975265018,0,6,42.333,1724.954,260,0.6923076923076923,0,68,32.454,693.3,260,0.5846153846153846,2,68,45.071,670.8,92,0.9565217391304348,0,1,30.811,642.327673541
4 faces,balanced,decay,202,507,3488,65.2,275.0,24.0,1056.0,7919.7,11022,1,28,2230,96,0,36.5,69.9,145.0,,38.5,80.0,740.7,7713.8,2611.1,12,0,1693,0,453,127,0.9606299212598425,0,1,34.14,753.207914244,127,0.7244094488188977,0,1,42.865,786.160034681,325,0.9907692307692307,0,2,31.765,1736.123,325,0.9476923076923077,0,2,36.846,1731.779,127,0.84251968503937,0,10,34.14,764,127,0.6299212598425197,0,10,42.865,788.6,54,0.9444444444444444,0,0,35.608,836.820138144
4 faces,balanced,decay,303,719,3256,56.2,274.9,24.02,1232.3,9329.2,10946,10,60,2170,77,1,36.7,83.7,94.0,29.0,37.7,74.6,632.6,5350.9,3007.4,9,0,1622,0,479,189,0.8994708994708994,0,9,33.687,539.444921856,189,0.7037037037037037,2,9,43.984,532.402221597,272,0.9669117647058824,0,5,29.518,1737.698,272,0.9007352941176471,1,5,34.594,1729.448,189,0.708994708994709,0,49,33.687,505.899999999,189,0.5555555555555556,2,49,43.984,547.9,87,0.9080459770114943,0,5,31.799,632.073698819
4 faces,balanced,decay,404,483,3132,47.0,272.1,24.06,1506.7,11357.5,10126,0,56,2067,105,1,40.5,78.1,240.3,29.8,38.9,78.9,1356.0,9956.6,3687.7,17,0,1527,0,452,126,0.9365079365079365,0,1,31.403,753.26216475,126,0.8015873015873016,0,1,42.866,748.814493992,314,0.9840764331210191,0,4,33.126,1735.276,314,0.8853503184713376,0,4,40.181,1730.033,126,0.7936507936507936,0,22,31.403,700.4,126,0.6507936507936508,0,22,42.866,735.4,82,0.926829268292683,0,1,32.674,660.851856921
4 faces,mostly working,off,101,10,10,49.0,283.5,24.08,319.9,2451.7,0,0,0,2207,106,0,47.6,134.8,237.0,,46.3,127.9,682.2,2394.4,1118.2,0,0,0,0,0,331,0.9335347432024169,0,8,36.714,524.34568005,331,0.716012084592145,6,8,56.952,485.063296089,426,0.9624413145539906,0,9,33.975,1728.366,426,0.9061032863849765,0,9,38.796,1714.769,331,0.7069486404833837,0,91,36.714,476.3,331,0.5377643504531722,6,91,56.952,441.9,85,0.9411764705882353,0,1,33.97,664.00065404
4 faces,mostly working,off,202,23,23,49.4,283.1,24.04,634.2,4255.5,0,0,0,2268,103,0,41.8,99.5,154.1,,47.1,129.7,2322.5,5057.8,2235.5,0,0,0,0,0,118,0.9661016949152542,0,1,38.308,726.991276059,118,0.6949152542372882,0,1,78.781,668.813799496,351,0.9829059829059829,0,4,35.375,1733.891,351,0.8774928774928775,0,4,39.777,1731.101,118,0.8898305084745762,0,8,38.308,744.9,118,0.6186440677966102,0,8,78.781,736.7,58,0.9655172413793104,0,1,37.971,816.957782172
4 faces,mostly working,off,303,19,19,45.9,282.4,24.03,341.9,2844.9,0,0,0,2188,95,0,45.6,119.4,179.7,,44.3,116.5,770.5,2523.3,1205.8,0,0,0,0,0,232,0.9094827586206896,0,6,37.842,646.868318838,232,0.7629310344827587,1,6,47.456,621.442595389,349,0.9541547277936963,0,8,37.202,1731.64,349,0.9312320916905444,0,8,40.918,1728.802,232,0.771551724137931,0,43,37.842,641.6,232,0.6681034482758621,1,43,47.456,559.3,91,0.9340659340659341,0,2,38.779,894.863925266
4 faces,mostly working,off,404,7,7,40.3,283.5,24.05,221.1,1544.6,0,0,0,2072,126,0,44.0,108.2,217.5,,44.3,114.0,402.0,1389.8,742.8,0,0,0,0,0,138,0.927536231884058,0,3,36.424,761.338766634,138,0.7753623188405797,0,3,46.371,665.097983105,371,0.9865229110512129,0,2,35.658,1733.285,371,0.9865229110512129,0,2,39.73,1730.076,138,0.8188405797101449,0,25,36.424,671.9,138,0.6666666666666666,0,25,46.371,582.7,100,0.9,0,3,35.708,846.239623286
4 faces,mostly working,decay,101,353,3521,41.0,283.4,24.09,595.1,4697.3,11180,0,20,2207,106,0,38.9,84.4,176.4,,38.2,79.4,423.6,1428.5,1429.6,11,0,1612,0,500,331,0.9395770392749244,0,8,36.21,518.490694735,331,0.7220543806646526,6,8,53.444,456.497930083,426,0.9624413145539906,0,9,31.062,1730.262,426,0.9154929577464789,0,9,37.678,1727.295,331,0.7069486404833837,0,91,36.21,476.3,331,0.5468277945619335,6,91,53.444,411.1,85,0.9529411764705882,0,1,34.224,703.230157825
4 faces,mostly working,decay,202,575,4386,42.1,283.8,24.05,1121.0,7703.9,11557,0,44,2268,103,0,36.4,69.3,101.1,,39.5,86.9,633.4,3056.8,2635.4,12,0,1626,0,551,118,0.9661016949152542,0,1,35.851,740.492036977,118,0.788135593220339,0,1,44.827,729.685894561,351,0.9829059829059829,0,4,32.847,1735.932,351,0.9259259259259259,0,4,36.758,1732.066,118,0.8898305084745762,0,8,35.851,744.4,118,0.6949152542372882,0,8,44.827,714.7,58,0.9655172413793104,0,1,39.253,809.483254962
4 faces,mostly working,decay,303,488,3544,37.3,282.2,24.02,844.2,5862.2,10649,0,40,2188,95,0,38.6,78.3,102.1,,36.8,72.2,639.0,5577.7,2015.2,12,0,1556,0,549,232,0.9137931034482759,0,6,36.33,670.385514794,232,0.7241379310344828,1,6,53.504,599.417949257,349,0.9570200573065902,0,8,36.953,1731.447,349,0.8939828080229226,0,8,40.689,1726.75,232,0.771551724137931,0,43,36.33,645.1,232,0.6120689655172413,1,43,53.504,580.6,91,0.945054945054945,0,2,33.153,886.372084733
4 faces,mostly working,decay,404,169,3130,32.5,283.2,24.05,378.3,3183.0,9815,0,12,2072,126,0,39.0,78.2,123.5,,37.3,71.6,266.6,645.6,881.3,22,0,1388,0,580,138,0.927536231884058,0,3,34.47,761.338766634,138,0.8115942028985508,0,3,44.224,665.097983105,371,0.9892183288409704,0,2,35.658,1733.285,371,0.9811320754716981,0,2,39.73,1729.622,138,0.8188405797101449,0,25,34.47,671.9,138,0.6376811594202898,0,25,44.224,640,100,0.9,0,3,34.47,846.239623286
8 faces,mostly blasting,off,101,799,799,84.1,239.6,24.01,3283.7,20736.0,0,75,0,2138,50,0,45.0,107.8,117.0,,62.0,233.6,12264.9,20872.5,12160.8,0,0,0,0,0,262,0.916030534351145,0,12,35.453,509.701916618,262,0.5954198473282443,4,12,49.326,518.229855692,126,0.9365079365079365,0,6,40.166,1722.293,126,0.6825396825396826,0,6,42.383,1722.91,262,0.7633587786259542,0,49,35.453,525.2,262,0.48854961832061067,4,49,49.326,538.5,91,0.9120879120879121,0,0,36.937,626.05498489
8 faces,mostly blasting,off,202,3041,3041,90.5,240.6,24.0,4298.3,24789.2,0,146,0,2218,71,0,45.5,102.4,162.9,,73.1,331.9,14774.8,24878.2,15646.5,0,0,0,0,0,127,0.9133858267716536,0,4,39.29,568.373735202,127,0.6062992125984252,1,4,47.59,568.373735202,175,0.9657142857142857,0,0,37.507,1731.488,175,0.7828571428571428,0,0,40.622,1731.101,127,0.8503937007874016,0,14,39.29,552.1,127,0.5590551181102362,1,14,47.59,552.1,53,0.8867924528301887,0,2,38.157,871.215901275
8 faces,mostly blasting,off,303,3156,3156,93.0,240.4,24.02,3838.2,22079.0,0,161,0,2233,72,0,43.7,93.6,143.7,,79.6,352.1,12266.4,22473.4,13867.4,0,0,0,0,0,242,0.9380165289256198,0,6,36.798,584.921476937,242,0.6983471074380165,0,6,49.983,542.121225884,162,0.9012345679012346,0,8,38.423,1713.351,162,0.7160493827160493,0,8,45.619,1685.706,242,0.8057851239669421,0,35,36.798,565.8,242,0.5991735537190083,0,35,49.983,498,92,0.9239130434782609,0,3,32.46,787.937201404
8 faces,mostly blasting,off,404,98,98,89.2,237.4,24.05,2649.5,16134.5,0,53,0,2112,78,0,43.4,107.9,207.2,,63.9,194.1,8843.6,16428.5,9789.6,0,0,0,0,0,231,0.8831168831168831,0,8,35.98,453.64008107,231,0.6233766233766234,0,8,61.413,483.148651039,150,0.94,0,4,38.044,1721.039,150,0.7466666666666667,0,4,43.497,1715.769,231,0.7142857142857143,0,60,35.98,418.2,231,0.48484848484848486,0,60,61.413,424.7,81,0.9012345679012346,0,1,38.338,924.503147907
8 faces,mostly blasting,decay,101,1244,3609,84.3,241.1,24.01,3200.1,22110.3,11612,17,115,2138,50,0,38.1,61.8,86.2,,40.1,86.2,2067.0,16638.7,8345.8,6,0,1728,0,365,262,0.9236641221374046,0,12,35.447,524.701916618,262,0.6946564885496184,4,12,42.383,502.422465695,126,0.9444444444444444,0,6,36.114,1727.617,126,0.8253968253968254,0,6,41.267,1709.994,262,0.7786259541984732,0,49,35.447,538.8,262,0.5877862595419847,4,49,42.383,525.2,91,0.9230769230769231,0,0,34.278,642.380675061
8 faces,mostly blasting,decay,202,1440,4447,91.0,241.8,24.0,4263.5,27967.3,12345,54,78,2218,71,0,40.2,75.5,162.9,,41.5,87.6,2771.5,17005.8,10753.7,8,0,1815,0,340,127,0.9212598425196851,0,4,38.157,572.877744693,127,0.7165354330708661,1,4,49.134,622.210723934,175,0.9657142857142857,0,0,37.268,1731.101,175,0.8628571428571429,0,0,40.622,1729.784,127,0.8661417322834646,0,14,38.157,552.1,127,0.6692913385826772,1,14,49.134,612.5,53,0.8867924528301887,0,2,36.601,888.80963521
8 faces,mostly blasting,decay,303,1548,4502,97.8,240.3,24.02,3174.3,20000.4,12949,59,79,2233,72,0,38.3,62.3,191.3,,42.6,93.7,1422.3,9487.2,7930.1,11,0,1843,0,329,242,0.9421487603305785,0,6,31.905,595.076935627,242,0.7892561983471075,0,6,43.731,601.103040057,162,0.9012345679012346,0,8,37.953,1718.048,162,0.8333333333333334,0,8,40.01,1701.577,242,0.8099173553719008,0,35,31.905,573,242,0.6818181818181818,0,35,43.731,572.7,92,0.9239130434782609,0,3,30.86,824.072365437
8 faces,mostly blasting,decay,404,1112,3541,90.4,236.8,24.05,2555.3,18041.4,10920,22,48,2112,78,0,36.9,70.2,162.2,,41.0,82.5,1149.8,10523.4,6534.7,11,0,1654,0,390,231,0.8917748917748918,0,8,32.745,451.529425117,231,0.7402597402597403,0,8,47.002,423.785450587,150,0.9466666666666667,0,4,35.513,1726.503,150,0.8333333333333334,0,4,38.84,1725.03,231,0.7142857142857143,0,60,32.745,418.9,231,0.5800865800865801,0,60,47.002,435.4,81,0.9259259259259259,0,1,33.543,878.648554795
8 faces,balanced,off,101,45,45,62.8,275.0,24.02,781.8,7205.8,0,11,0,2166,60,2,45.2,95.0,173.7,73.1,45.0,121.2,2426.5,7811.2,2868.6,0,0,0,0,0,253,0.9209486166007905,0,9,33.572,546.648411205,253,0.6996047430830039,1,9,42.477,546.648411205,169,0.9349112426035503,0,5,38.374,1726.536,169,0.8461538461538461,0,5,42.333,1718.899,253,0.7233201581027668,0,65,33.572,540.8,253,0.5454545454545454,1,65,42.477,540.5,98,0.9489795918367347,0,1,33.416,630.454645536
8 faces,balanced,off,202,62,62,65.6,274.8,24.0,1287.2,9347.9,0,5,0,2230,95,0,40.9,102.4,192.4,,47.7,131.3,4206.7,10911.6,4639.8,0,0,0,0,0,145,0.9310344827586207,0,1,38.323,672.188291514,145,0.6896551724137931,0,1,65.891,691.219763632,213,0.9765258215962441,0,3,34.973,1733.751,213,0.8685446009389671,0,3,42.865,1727.772,145,0.7931034482758621,0,21,38.323,632.7,145,0.593103448275862,0,21,65.891,631.3,70,0.9571428571428572,0,0,35.494,855.524592233
8 faces,balanced,off,303,19,19,59.5,276.6,24.02,833.4,6973.3,0,0,0,2170,68,0,41.1,98.7,114.4,,44.1,123.0,1802.9,7183.3,2999.5,0,0,0,0,0,268,0.9216417910447762,0,10,32.801,601.046607588,268,0.7014925373134329,1,10,49.727,549.901808629,128,0.9296875,0,4,29.956,1710.182,128,0.7890625,0,4,43.871,1670.778,268,0.7873134328358209,0,44,32.801,536,268,0.585820895522388,1,44,49.727,521.2,90,0.9222222222222223,0,3,32.448,699.072828366
8 faces,balanced,off,404,7,7,56.0,271.8,24.05,734.2,6404.0,0,0,0,2067,104,1,50.9,147.8,285.3,29.8,45.9,124.5,1654.0,6127.3,2699.6,0,0,0,0,0,276,0.9021739130434783,0,12,33.39,474.135121591,276,0.7463768115942029,0,12,42.966,457.872530026,201,0.945273631840796,0,6,39.01,1713.814,201,0.8706467661691543,0,6,43.397,1692.054,276,0.6739130434782609,0,82,33.39,500.4,276,0.5398550724637681,0,82,42.966,525.5,78,0.9358974358974359,0,1,33.471,675.314944042
8 faces,balanced,decay,101,539,3074,56.8,274.1,24.02,1156.9,8459.9,11007,5,50,2166,60,2,43.7,95.0,203.5,73.1,37.5,72.2,965.7,5212.6,2960.6,9,0,1734,0,381,253,0.924901185770751,0,9,33.682,548.117286268,253,0.7193675889328063,1,9,42.333,540.633633163,169,0.9408284023668639,0,5,37.389,1726.54,169,0.8698224852071006,0,5,38.817,1726.39,253,0.7193675889328063,0,65,33.682,550.8,253,0.5652173913043478,1,65,42.333,545.1,98,0.9489795918367347,0,1,34.207,642.327673541
8 faces,balanced,decay,202,653,3785,58.6,275.2,24.0,1801.9,14284.0,11556,1,66,2230,95,0,37.9,80.3,150.7,,39.2,80.3,1042.2,6646.7,4384.0,16,0,1748,0,403,145,0.9379310344827586,0,1,35.223,665.710812637,145,0.7379310344827587,0,1,42.865,691.219763632,213,0.971830985915493,0,3,34.973,1734.04,213,0.9061032863849765,0,3,41.601,1729.767,145,0.8,0,21,35.223,632.7,145,0.6206896551724138,0,21,42.865,668.3,70,0.9714285714285714,0,0,33.189,836.820138144
8 faces,balanced,decay,303,835,3301,56.0,275.1,24.02,1241.1,8861.3,11107,10,66,2170,68,0,35.8,69.4,89.5,,37.6,76.7,737.5,5305.5,3088.3,12,0,1663,0,450,268,0.9291044776119403,0,10,30.907,580.74623419,268,0.7910447761194029,1,10,45.504,569.130423105,128,0.9375,0,4,29.518,1715.241,128,0.8046875,0,4,43.282,1688.245,268,0.7947761194029851,0,44,30.907,536,268,0.6604477611940298,1,44,45.504,506.1,90,0.9333333333333333,0,3,29.146,684.072828366
8 faces,balanced,decay,404,521,2977,52.7,270.7,24.06,1006.8,7836.2,9933,9,30,2067,104,1,43.6,99.3,240.3,29.8,39.1,80.8,627.3,5144.7,2486.2,15,0,1497,0,481,276,0.894927536231884,0,12,30.634,475.80665937,276,0.7753623188405797,0,12,44.54,441.189353009,201,0.945273631840796,0,6,35.617,1721.389,201,0.8905472636815921,0,6,43.33,1698.814,276,0.6739130434782609,0,82,30.634,500.4,276,0.5688405797101449,0,82,44.54,483.8,78,0.9230769230769231,0,1,32.863,690.585860105
8 faces,mostly working,off,101,10,10,49.0,283.5,24.08,319.9,2451.7,0,0,0,2207,78,0,49.6,160.9,237.0,,46.3,127.9,725.1,2504.9,1118.2,0,0,0,0,0,297,0.9393939393939394,0,8,36.949,526.318798327,297,0.7744107744107744,2,8,58.957,493.088257628,222,0.9369369369369369,0,12,36.491,1726.526,222,0.8963963963963963,0,12,41.568,1714.125,297,0.7542087542087542,0,63,36.949,495.4,297,0.6195286195286195,2,63,58.957,477.6,93,0.946236559139785,0,1,36.314,657.011194334
8 faces,mostly working,off,202,23,23,49.4,283.1,24.04,634.2,4255.5,0,0,0,2268,89,0,39.7,99.5,154.1,,47.1,129.7,2347.8,5054.4,2235.5,0,0,0,0,0,145,0.9310344827586207,0,5,35.375,635.938583423,145,0.6896551724137931,1,5,56.081,623.012336825,201,0.9601990049751243,0,5,35.375,1732.029,201,0.9104477611940298,0,5,39.777,1728.469,145,0.7931034482758621,0,27,35.375,696.2,145,0.5862068965517241,1,27,56.081,736.7,84,0.9523809523809523,0,3,33.705,816.957782172
8 faces,mostly working,off,303,19,19,45.9,282.4,24.03,341.9,2844.9,0,0,0,2188,106,0,44.2,110.2,179.7,,44.3,116.5,751.4,2523.3,1205.8,0,0,0,0,0,312,0.9455128205128205,0,6,38.36,589.976297638,312,0.7660256410256411,0,6,57.531,558.013738604,204,0.9068627450980392,0,8,36.182,1725.533,204,0.8774509803921569,0,8,41.346,1651.023,312,0.8237179487179487,0,48,38.36,602.3,312,0.6666666666666666,0,48,57.531,520.9,77,0.961038961038961,0,2,39.079,820.80911256
8 faces,mostly working,off,404,7,7,40.3,283.5,24.05,221.1,1544.6,0,0,0,2072,123,0,45.3,114.0,217.5,,44.3,114.0,357.2,1342.4,742.8,0,0,0,0,0,298,0.9228187919463087,0,5,35.398,377.195798391,298,0.8053691275167785,1,5,42.487,352.066855126,234,0.9273504273504274,0,12,36.936,1719.398,234,0.8846153846153846,1,12,42.911,1645.826,298,0.7214765100671141,0,76,35.398,414,298,0.6375838926174496,1,76,42.487,385.9,84,0.9166666666666666,0,0,34.842,665.966463623
8 faces,mostly working,decay,101,304,3490,41.0,283.6,24.09,577.6,4779.5,11411,0,13,2207,78,0,39.4,87.0,161.4,,38.2,81.1,374.0,1777.6,1405.6,7,0,1679,0,457,297,0.9427609427609428,0,8,36.754,541.010236519,297,0.7643097643097643,3,8,43.897,539.115440636,222,0.9324324324324325,0,12,36.768,1729.145,222,0.8918918918918919,0,12,39.738,1728.366,297,0.7575757575757576,0,63,36.754,511.3,297,0.622895622895623,3,63,43.897,497.1,93,0.956989247311828,0,1,37.515,703.230157825
8 faces,mostly working,decay,202,615,4604,42.3,284.0,24.05,1070.5,7086.4,11923,0,39,2268,89,0,35.0,61.9,109.1,,38.7,81.3,554.1,1284.5,2485.0,11,0,1679,0,511,145,0.9379310344827586,0,5,33.781,623.012336825,145,0.7379310344827587,0,5,44.728,587.036538129,201,0.9601990049751243,0,5,33.268,1734.625,201,0.9104477611940298,0,5,36.868,1729.639,145,0.7931034482758621,0,27,33.781,711.2,145,0.6275862068965518,0,27,44.728,635,84,0.9523809523809523,0,3,32.734,809.483254962
8 faces,mostly working,decay,303,575,3578,37.2,282.2,24.02,832.2,5291.0,10782,0,42,2188,106,0,39.3,86.8,134.7,,37.4,73.7,475.0,1353.7,1990.2,12,0,1566,0,528,312,0.9519230769230769,0,6,36.182,599.417949257,312,0.8044871794871795,0,6,46.766,542.570386674,204,0.9117647058823529,0,8,35.69,1726.75,204,0.8823529411764706,0,8,39.039,1718.41,312,0.8301282051282052,0,48,36.182,602.3,312,0.7147435897435898,0,48,46.766,541.8,77,0.961038961038961,0,2,35.875,867.166780462
8 faces,mostly working,decay,404,210,2894,33.0,283.3,24.05,380.7,3242.2,9595,0,19,2072,123,0,41.9,87.7,170.1,,37.9,76.1,315.8,853.6,899.4,25,0,1372,0,602,298,0.9328859060402684,0,5,33.699,381.619969366,298,0.7651006711409396,1,5,50.029,377.195798391,234,0.9273504273504274,0,12,37.12,1722.096,234,0.8846153846153846,1,12,43.535,1670.996,298,0.7281879194630873,0,76,33.699,401.5,298,0.5838926174496645,1,76,50.029,414,84,0.9404761904761905,0,0,34.298,615.137697145
