blasting,intent,seed,sla_breaches,sla_breaches_as_submitted,cloud_hours,local_hours,drained_hours,mean_wait_s,p95_wait_s,jobs_reprioritised,overload_decisions,accepted_breach_cycles,events,exposing_events,exposing_high_events,ttl_exposing_mean_s,ttl_exposing_p95_s,ttl_exposing_max_s,ttl_exposing_high_mean_s,ttl_all_mean_s,ttl_all_p95_s,ttp_exposing_mean_s,ttp_exposing_p95_s,ttp_all_mean_s,exposing_ever_decayed,exposing_promoted,decayed_events,promoted_events,harmless_kept_events,turn-back.decisions,turn-back.in_time_share,turn-back.never,turn-back.unwinnable,turn-back.latency_p50_s,turn-back.slack_p50_s,turn-back warned.decisions,turn-back warned.in_time_share,turn-back warned.never,turn-back warned.unwinnable,turn-back warned.latency_p50_s,turn-back warned.slack_p50_s,way-out.decisions,way-out.in_time_share,way-out.never,way-out.unwinnable,way-out.latency_p50_s,way-out.slack_p50_s,way-out warned.decisions,way-out warned.in_time_share,way-out warned.never,way-out warned.unwinnable,way-out warned.latency_p50_s,way-out warned.slack_p50_s,reroute.decisions,reroute.in_time_share,reroute.never,reroute.unwinnable,reroute.latency_p50_s,reroute.slack_p50_s,reroute warned.decisions,reroute warned.in_time_share,reroute warned.never,reroute warned.unwinnable,reroute warned.latency_p50_s,reroute warned.slack_p50_s,machines.decisions,machines.in_time_share,machines.never,machines.unwinnable,machines.latency_p50_s,machines.slack_p50_s
"night, four blasts",off,101,45,45,62.8,275.0,24.02,781.8,7205.8,0,11,0,2166,72,2,46.7,111.4,139.4,73.1,45.0,121.2,2040.2,7811.2,2868.6,0,0,0,0,0,260,0.9346153846153846,0,9,34.994,630.454645536,260,0.7076923076923077,2,9,42.588,627.327673541,283,0.9611307420494699,0,6,38.486,1726.966,283,0.8904593639575972,0,6,45.046,1718.899,260,0.6961538461538461,0,68,34.994,684.9,260,0.5269230769230769,2,68,42.588,630.3,92,0.9565217391304348,0,1,30.811,630.454645536
"night, four blasts",off,202,62,62,65.6,274.8,24.0,1287.2,9347.9,0,5,0,2230,96,0,41.1,111.4,192.4,,47.7,131.3,4691.1,10831.1,4639.8,0,0,0,0,0,127,0.968503937007874,0,1,35.179,753.207914244,127,0.7244094488188977,0,1,44.19,798.202610041,325,0.9907692307692307,0,2,32.101,1736.124,325,0.8830769230769231,0,2,37.891,1734.04,127,0.84251968503937,0,10,35.179,763.3,127,0.6456692913385826,0,10,44.19,798.9,54,0.9629629629629629,0,0,35.969,817.922392907
"night, four blasts",off,303,19,19,59.5,276.6,24.02,833.4,6973.3,0,0,0,2170,77,1,40.7,98.7,130.6,29.0,44.1,123.0,2254.7,7454.1,2999.5,0,0,0,0,0,189,0.8941798941798942,0,9,35.473,557.5445508,189,0.6402116402116402,2,9,49.546,465.583525762,272,0.9632352941176471,0,5,32.055,1734.143,272,0.8676470588235294,1,5,43.282,1727.533,189,0.6984126984126984,0,49,35.473,505.899999999,189,0.48148148148148145,2,49,49.546,495.5,87,0.896551724137931,0,5,35.56,612.119990759
"night, four blasts",off,404,7,7,56.0,271.8,24.05,734.2,6404.0,0,0,0,2067,105,1,49.3,147.8,285.3,29.8,45.9,124.5,1626.3,6127.3,2699.6,0,0,0,0,0,126,0.9444444444444444,0,1,36.653,774.605494216,126,0.7301587301587301,0,1,48.031,726.473724192,314,0.9840764331210191,0,4,35.104,1734.896,314,0.89171974522293,0,4,42.237,1727.837,126,0.7936507936507936,0,22,36.653,700.4,126,0.6111111111111112,0,22,48.031,700.4,82,0.9390243902439024,0,1,35.104,654.786136922
"night, four blasts",decay,101,345,2704,63.3,274.3,24.02,645.1,5418.4,10540,7,15,2166,72,2,37.9,64.4,95.0,73.1,36.8,72.8,233.7,574.3,1714.3,11,0,1694,0,411,260,0.9346153846153846,0,9,32.454,642.327673541,260,0.8,2,9,45.071,622.195991547,283,0.9681978798586572,0,6,37.282,1727.728,283,0.9434628975265018,0,6,42.333,1724.954,260,0.6923076923076923,0,68,32.454,693.3,260,0.5846153846153846,2,68,45.071,670.8,92,0.9565217391304348,0,1,30.811,642.327673541
"night, four blasts",decay,202,507,3488,65.2,275.0,24.0,1056.0,7919.7,11022,1,28,2230,96,0,36.5,69.9,145.0,,38.5,80.0,740.7,7713.8,2611.1,12,0,1693,0,453,127,0.9606299212598425,0,1,34.14,753.207914244,127,0.7244094488188977,0,1,42.865,786.160034681,325,0.9907692307692307,0,2,31.765,1736.123,325,0.9476923076923077,0,2,36.846,1731.779,127,0.84251968503937,0,10,34.14,764,127,0.6299212598425197,0,10,42.865,788.6,54,0.9444444444444444,0,0,35.608,836.820138144
"night, four blasts",decay,303,719,3256,56.2,274.9,24.02,1232.3,9329.2,10946,10,60,2170,77,1,36.7,83.7,94.0,29.0,37.7,74.6,632.6,5350.9,3007.4,9,0,1622,0,479,189,0.8994708994708994,0,9,33.687,539.444921856,189,0.7037037037037037,2,9,43.984,532.402221597,272,0.9669117647058824,0,5,29.518,1737.698,272,0.9007352941176471,1,5,34.594,1729.448,189,0.708994708994709,0,49,33.687,505.899999999,189,0.5555555555555556,2,49,43.984,547.9,87,0.9080459770114943,0,5,31.799,632.073698819
"night, four blasts",decay,404,483,3132,47.0,272.1,24.06,1506.7,11357.5,10126,0,56,2067,105,1,40.5,78.1,240.3,29.8,38.9,78.9,1356.0,9956.6,3687.7,17,0,1527,0,452,126,0.9365079365079365,0,1,31.403,753.26216475,126,0.8015873015873016,0,1,42.866,748.814493992,314,0.9840764331210191,0,4,33.126,1735.276,314,0.8853503184713376,0,4,40.181,1730.033,126,0.7936507936507936,0,22,31.403,700.4,126,0.6507936507936508,0,22,42.866,735.4,82,0.926829268292683,0,1,32.674,660.851856921
"night, four blasts","decay, oracle",101,739,9810,52.3,270.7,24.02,1633.5,5980.6,23346,0,69,2166,72,2,33.7,57.8,128.5,43.1,520.4,4894.9,100.0,157.6,2647.7,0,0,2062,0,32,260,0.9423076923076923,0,9,30.071,568.69264294,260,0.9,2,9,41.99,476.297305203,283,0.9717314487632509,0,6,32.692,1735.336,283,0.9611307420494699,0,6,36.57,1727.667,260,0.6884615384615385,0,68,30.071,613.1,260,0.65,2,68,41.99,561.1,92,0.9565217391304348,0,1,29.46,586.051600362
"night, four blasts","decay, oracle",202,774,13965,47.7,271.4,24.01,3160.9,8915.9,24854,0,97,2230,96,0,30.3,50.9,57.1,,902.4,7880.4,99.2,160.0,4800.9,0,0,2119,0,15,127,0.937007874015748,0,1,33.023,635.662662911,127,0.8818897637795275,0,1,41.824,566.989957774,325,0.9938461538461538,0,2,29.578,1739.323,325,0.9907692307692307,0,2,35.101,1730.087,127,0.84251968503937,0,10,33.023,633.8,127,0.7874015748031497,0,10,41.824,520.6,54,0.9444444444444444,0,0,35.494,585.280988543
"night, four blasts","decay, oracle",303,727,10980,45.8,271.1,24.02,2449.2,8256.7,23758,0,76,2170,77,1,32.0,55.6,60.3,29.0,758.3,6993.8,102.3,209.5,3780.4,0,0,2067,0,26,189,0.9047619047619048,0,9,30.578,437.444245879,189,0.8571428571428571,2,9,40.669,353.2322266,272,0.9705882352941176,0,5,32.325,1735.657,272,0.9705882352941176,1,5,35.056,1733.729,189,0.6666666666666666,0,49,30.578,424.3,189,0.5873015873015873,2,49,40.669,375.1,87,0.9080459770114943,0,5,28.984,463.809134955
"night, four blasts","decay, oracle",404,471,10453,40.3,266.7,24.06,2374.8,8202.5,22711,0,51,2067,105,1,32.7,48.9,71.5,29.8,780.7,6875.1,98.7,174.7,3596.3,0,0,1948,0,14,126,0.9444444444444444,0,1,31.519,722.051347006,126,0.9047619047619048,0,1,37.412,677.792628612,314,0.9840764331210191,0,4,30.34,1738.581,314,0.9840764331210191,0,4,39.687,1729.805,126,0.7698412698412699,0,22,31.519,735.4,126,0.7222222222222222,0,22,37.412,673.5,82,0.9390243902439024,0,1,32.863,660.314944042
"day, four blasts",off,101,54,54,63.1,271.3,24.12,784.1,6697.1,0,8,0,2166,101,2,40.6,87.0,179.7,23.0,45.5,123.5,2068.9,7066.9,2853.7,0,0,0,0,0,267,0.8913857677902621,0,16,36.522,559.493205194,267,0.7078651685393258,3,16,57.186,570.326630316,366,0.9562841530054644,0,8,32.209,1731.401,366,0.855191256830601,0,8,40.958,1725.063,267,0.6853932584269663,0,74,36.522,557.1,267,0.5692883895131086,3,74,57.186,545.1,73,0.958904109589041,0,1,36.419,819.139780174
"day, four blasts",off,202,28,28,68.3,274.5,24.28,1001.4,7638.5,0,2,0,2230,126,0,49.3,146.8,184.9,,49.7,149.9,2387.8,8551.7,3621.0,0,0,0,0,0,157,0.9363057324840764,0,6,36.283,571.255628503,157,0.7579617834394905,0,6,54.657,528.218383108,394,0.9593908629441624,0,9,38.532,1728.664,394,0.883248730964467,0,9,50.631,1718.401,157,0.8280254777070064,0,19,36.283,549,157,0.6687898089171974,0,19,54.657,494.3,64,0.9375,0,3,32.962,720.555628503
"day, four blasts",off,303,115,115,62.1,272.8,24.32,1071.8,8175.0,0,7,0,2170,93,0,43.4,105.5,140.7,,44.0,112.5,3019.2,8815.5,3851.2,0,0,0,0,0,213,0.8779342723004695,0,13,37.184,522.548699786,213,0.6572769953051644,1,13,46.799,474.468698882,299,0.9632107023411371,0,5,34.558,1733.71,299,0.8896321070234113,2,5,40.461,1729.08,213,0.6901408450704225,0,63,37.184,490.3,213,0.5023474178403756,1,63,46.799,451.1,103,0.8932038834951457,0,4,35.569,698.861677188
"day, four blasts",off,404,7,7,59.6,270.0,24.05,838.3,6889.7,0,5,0,2067,95,0,41.2,114.2,205.5,,49.6,126.2,1680.7,6865.7,3013.3,0,0,0,0,0,101,0.9504950495049505,0,4,29.734,777.138406785,101,0.7425742574257426,4,4,42.078,632.291767528,286,0.986013986013986,0,1,30.987,1738.202,286,0.9090909090909091,0,1,38.849,1732.52,101,0.7821782178217822,0,20,29.734,861.4,101,0.5841584158415841,4,20,42.078,787.5,78,0.9358974358974359,0,4,29.154,755.859381
"day, four blasts",decay,101,470,3594,57.3,274.7,24.53,1224.0,8830.0,10961,5,52,2166,101,2,34.8,73.8,134.7,23.0,37.9,79.0,736.6,4487.4,2923.2,16,0,1671,0,410,267,0.9063670411985019,0,16,33.972,519.353767829,267,0.7490636704119851,2,16,41.923,570.326630316,366,0.9590163934426229,0,8,29.703,1735.674,366,0.8797814207650273,0,8,34.415,1731.401,267,0.6928838951310862,0,74,33.972,558.6,267,0.5917602996254682,2,74,41.923,558.6,73,0.958904109589041,0,1,41.068,819.139780174
"day, four blasts",decay,202,640,3626,62.4,277.9,28.09,1502.3,11652.0,10938,0,75,2230,126,0,40.6,86.8,115.2,,40.3,88.1,798.6,1581.7,3555.3,21,0,1588,0,537,157,0.9363057324840764,0,6,32.551,571.255628503,157,0.7770700636942676,0,6,51.022,479.641029178,394,0.9593908629441624,0,9,36.108,1732.863,394,0.9086294416243654,0,9,41.601,1727.017,157,0.8343949044585988,0,19,32.551,549.8,157,0.6751592356687898,0,19,51.022,445.8,64,0.9375,0,3,30.098,720.555628503
"day, four blasts",decay,303,592,3031,57.4,274.3,26.19,1375.4,11080.7,10566,1,54,2170,93,0,36.5,90.3,100.4,,37.4,75.9,890.8,9100.9,3272.5,17,0,1590,0,502,213,0.8826291079812206,0,13,31.378,519.395102233,213,0.7323943661971831,1,13,39.889,494.881186608,299,0.9632107023411371,0,5,31.722,1735.889,299,0.903010033444816,2,5,35.929,1732.816,213,0.6901408450704225,0,63,31.378,513.6,213,0.5586854460093896,1,63,39.889,518.6,103,0.8932038834951457,0,4,31.722,683.861677188
"day, four blasts",decay,404,560,3123,53.9,269.6,24.12,1228.6,9363.2,10372,0,49,2067,95,0,37.7,75.1,250.3,,38.7,84.4,722.9,7090.3,2966.5,19,0,1563,0,428,101,0.9504950495049505,0,4,29.734,777.138406785,101,0.7524752475247525,4,4,42.078,755.859381,286,0.986013986013986,0,1,31.798000000000002,1737.515,286,0.9405594405594405,0,1,41.945,1728.055,101,0.7722772277227723,0,20,29.734,876.4,101,0.6138613861386139,4,20,42.078,799.2,78,0.9358974358974359,0,4,29.154,763.795585006
"day, four blasts","decay, oracle",101,480,9546,47.7,279.3,27.05,2314.6,8257.1,23266,0,65,2166,101,2,31.0,47.3,58.3,30.5,745.3,7551.5,99.4,168.4,3546.7,0,0,2031,0,34,267,0.9063670411985019,0,16,29.915,518.119734335,267,0.8764044943820225,0,16,36.522,507.76103413,366,0.9617486338797814,0,8,31.137,1736.083,366,0.953551912568306,0,8,33.355,1733.157,267,0.700374531835206,0,74,29.915,528.8,267,0.6816479400749064,0,74,36.522,502.9,73,0.958904109589041,0,1,32.133,774.139780174
"day, four blasts","decay, oracle",202,631,10669,50.5,282.7,31.66,2965.4,9271.2,24354,0,85,2230,126,0,34.1,57.3,86.8,,952.3,8626.7,103.2,176.8,4462.8,0,0,2091,0,13,157,0.9426751592356688,0,6,30.266,495.555628503,157,0.8853503184713376,0,6,42.981,465.603839039,394,0.9644670050761421,0,9,32.143,1736.512,394,0.9644670050761421,0,9,37.564,1729,157,0.8343949044585988,0,19,30.266,445.6,157,0.7770700636942676,0,19,42.981,407.6,64,0.9375,0,3,31.959,495.555628503
"day, four blasts","decay, oracle",303,793,9160,47.0,279.3,28.14,2467.8,8985.1,23372,0,93,2170,93,0,30.5,46.2,59.5,,706.1,8080.7,92.0,143.5,3782.8,0,0,2045,0,32,213,0.892018779342723,0,13,30.535,425.411670793,213,0.8450704225352113,1,13,35.686,355.328434759,299,0.9698996655518395,0,5,28.112,1739.496,299,0.9632107023411371,2,5,33.661,1733.71,213,0.6901408450704225,0,63,30.535,427.1,213,0.647887323943662,1,63,35.686,347.8,103,0.912621359223301,0,4,28.278,576.028637908
"day, four blasts","decay, oracle",404,831,9107,44.8,271.9,25.95,2169.0,7710.4,22427,0,100,2067,95,0,30.4,48.6,119.1,,751.3,7046.9,100.4,175.6,3323.9,0,0,1956,0,16,101,0.9504950495049505,0,4,27.078,590.371723598,101,0.8910891089108911,4,4,33.781,380.102543896,286,0.993006993006993,0,1,26.986,1742.546,286,0.993006993006993,0,1,37.733,1732.19,101,0.7623762376237624,0,20,27.078,754.1,101,0.7128712871287128,4,20,33.781,516.5,78,0.9358974358974359,0,4,25.024,652.989204311
through the night,off,101,85,85,64.5,275.9,24.02,432.9,3234.4,0,7,0,2196,59,0,46.6,106.9,130.9,,50.5,163.6,754.7,3620,1518.1,0,0,0,0,0,190,0.9105263157894737,0,9,34.529,483.792619293,190,0.6631578947368421,0,9,91.711,411.710522956,175,0.9485714285714286,0,4,39.824,1727.728,175,0.92,0,4,42.272,1715.601,190,0.7526315789473684,0,37,34.529,443.8,190,0.5526315789473685,0,37,91.711,443.8,88,0.8977272727272727,0,6,39.091,550.990117615
through the night,off,202,27,27,68.6,277.2,24.0,731.5,6486.2,0,1,0,2233,71,0,43.8,111.7,156.3,,48.6,137.7,2104.9,7004.4,2600.7,0,0,0,0,0,92,0.9239130434782609,0,2,34.723,773.21553744,92,0.7608695652173914,0,2,43.66,745.78767697,287,0.9965156794425087,0,0,33.677,1735.706,287,0.9547038327526133,0,0,53.209,1716.791,92,0.8804347826086957,0,7,34.723,749,92,0.7282608695652174,0,7,43.66,754.2,44,0.8863636363636364,0,1,38.912,773.21553744
through the night,off,303,19,19,60.2,276.6,24.02,455.5,3898.6,0,7,0,2142,56,0,47.8,148.7,159.2,,48.0,144.8,862.3,4915.9,1588.8,0,0,0,0,0,147,0.9047619047619048,0,4,40.379,573.405918141,147,0.6870748299319728,0,4,47.493,568.101054693,187,0.9625668449197861,0,4,37.483,1729.32,187,0.9251336898395722,0,4,48.546,1720.4,147,0.7346938775510204,0,28,40.379,564.4,147,0.5510204081632653,0,28,47.493,571.6,92,0.9239130434782609,0,1,37.025,736.616603098
through the night,off,404,12,12,59.0,276.0,24.07,194.5,922.3,0,6,0,2072,74,0,39.8,92.2,130.5,,48.1,149.5,308.6,700.5,644.4,0,0,0,0,0,156,0.9038461538461539,0,6,30.504,772.873909957,156,0.8269230769230769,1,6,52.4,621.856848553,276,0.9710144927536232,0,6,35.614,1734.099,276,0.9710144927536232,0,6,37.958,1730.794,156,0.8076923076923077,0,29,30.504,708.1,156,0.6923076923076923,1,29,52.4,608.8,117,0.905982905982906,0,5,29.869,721.245613586
through the night,decay,101,779,3891,51.8,277.1,24.02,1460.3,9360.7,12200,0,79,2196,59,0,37.5,85.9,106.9,,40.3,86.4,916.9,5815.9,3517.5,11,0,1789,0,359,190,0.9157894736842105,0,9,35.588,482.524879073,190,0.6894736842105263,0,9,53.232,483.792619293,175,0.96,0,4,29.701,1731.301,175,0.8628571428571429,0,4,42.272,1727.235,190,0.7631578947368421,0,37,35.588,439.2,190,0.5736842105263158,0,37,53.232,473.4,88,0.8977272727272727,0,6,34.729,550.990117615
through the night,decay,202,725,4501,55.5,277.5,24.0,1401.9,9695.1,12533,2,49,2233,71,0,35.4,59.5,83.6,,39.2,80.9,745.4,4523.3,3340.6,13,0,1836,0,339,92,0.9130434782608695,0,2,34.751,788.21553744,92,0.6956521739130435,0,2,44.702,890.600502554,287,0.9965156794425087,0,0,31.558,1737.68,287,0.9303135888501742,0,0,42.441,1727.559,92,0.8695652173913043,0,7,34.751,749,92,0.6739130434782609,0,7,44.702,859.2,44,0.8863636363636364,0,1,33.849,788.21553744
through the night,decay,303,554,3459,54.4,275.7,24.03,644.8,4550.1,11702,2,32,2142,56,0,40.3,92.2,133.7,,38.6,82.1,257.8,1209.2,1509.7,9,0,1763,0,332,147,0.9319727891156463,0,4,39.025,562.847075922,147,0.782312925170068,0,4,43.968,531.886461892,187,0.9625668449197861,0,4,27.984,1736.351,187,0.9411764705882353,0,4,39.294,1729.32,147,0.7414965986394558,0,28,39.025,571.6,147,0.6190476190476191,0,28,43.968,504.5,92,0.9456521739130435,0,1,33.682,700.397348549
through the night,decay,404,371,3681,43.4,274.6,24.07,1053.9,7560.1,11179,0,25,2072,74,0,36.6,82.1,102.1,,38.5,82.4,503.0,2174.8,2483.3,15,0,1674,0,338,156,0.9102564102564102,0,6,29.906,739.481567319,156,0.7051282051282052,1,6,44.091,653.164913472,276,0.9710144927536232,0,6,34.989,1734.292,276,0.9130434782608695,0,6,41.93,1726.895,156,0.8076923076923077,0,29,29.906,708.1,156,0.6153846153846154,1,29,44.091,621.7,117,0.905982905982906,0,5,30.015,725.778831095
through the night,"decay, oracle",101,830,12084,44.4,274.3,24.02,2324.5,8025.1,24880,0,97,2196,59,0,32.4,61.9,79.6,,781.6,6354.4,92.2,162.7,3610.5,0,0,2103,0,34,190,0.9210526315789473,0,9,32.377,411.991679222,190,0.8789473684210526,0,9,41.933,340.750460594,175,0.96,0,4,28.474,1737.239,175,0.9542857142857143,0,4,40.931,1706.537,190,0.7684210526315789,0,37,32.377,375.8,190,0.7,0,37,41.933,323.2,88,0.8977272727272727,0,6,33.838,411.991679222
through the night,"decay, oracle",202,845,14709,42.1,276.3,24.0,3063.3,9026.0,25917,0,95,2233,71,0,30.9,45.9,58.1,,902.3,7540.6,92.6,147.7,4644.7,0,0,2156,0,6,92,0.9239130434782609,0,2,30.502,453.294327657,92,0.8586956521739131,0,2,44.487,308.023780505,287,0.9965156794425087,0,0,30.596,1738.442,287,0.9965156794425087,0,0,36.677,1733.303,92,0.8478260869565217,0,7,30.502,427.4,92,0.75,0,7,44.487,270.9,44,0.9090909090909091,0,1,30.315,584.282034571
through the night,"decay, oracle",303,598,11317,39.1,275.0,24.02,2007.9,7185.5,24266,0,57,2142,56,0,32.8,60.9,74.6,,568.2,4893.1,97.6,209.5,3104.4,0,0,2069,0,17,147,0.9319727891156463,0,4,33.085,509.216309527,147,0.8843537414965986,0,4,40.379,427.742387259,187,0.9679144385026738,0,4,30.509,1736.962,187,0.9679144385026738,0,4,34.425,1731.036,147,0.7414965986394558,0,28,33.085,439.7,147,0.6802721088435374,0,28,40.379,365.2,92,0.9456521739130435,0,1,31.175,533.817479215
through the night,"decay, oracle",404,523,10650,37.4,270.7,24.08,1613.4,6155.1,23343,0,53,2072,74,0,32.7,52.9,74.8,,531.1,4782.2,95.5,163.6,2489.2,0,0,1977,0,21,156,0.9102564102564102,0,6,30.015,696.683868184,156,0.8974358974358975,1,6,39.673,523.807916037,276,0.9710144927536232,0,6,32.225,1735.057,276,0.9710144927536232,0,6,36.852,1730.445,156,0.7884615384615384,0,29,30.015,650.1,156,0.717948717948718,1,29,39.673,592.5,117,0.9145299145299145,0,5,29.91,696.683868184
one a day,off,101,2906,2906,63.6,273.8,24.03,1527.0,11139.9,0,102,0,2218,102,0,46.0,102.5,200.7,,75.0,280.4,5054.7,12034.6,5549.6,0,0,0,0,0,256,0.87109375,0,6,36.263,580.795562061,256,0.5859375,3,6,71.991,519.56571625,328,0.9542682926829268,0,9,39.73,1720.006,328,0.8414634146341463,0,9,49.994,1711.888,256,0.71484375,0,55,36.263,588.6,256,0.48046875,3,55,71.991,480.8,109,0.8623853211009175,0,1,42.936,529.818925289
one a day,off,202,1979,1979,61.3,274.8,24.01,1376.3,9845.5,0,75,0,2215,89,0,47.2,131.2,222.4,,60.2,183.0,5646.7,10439.5,4913.2,0,0,0,0,0,125,0.96,0,3,36.279,702.720908598,125,0.728,1,3,42.96,702.720908598,318,0.9716981132075472,0,6,33.779,1735.081,318,0.8710691823899371,0,6,39.218,1731.701,125,0.856,0,14,36.279,737.6,125,0.64,1,14,42.96,722.9,55,0.9454545454545454,0,1,37.971,862.048245603
one a day,off,303,2152,2152,57.9,273.4,24.02,1386.6,10079.9,0,76,0,2177,96,1,42.0,98.5,209.6,43.0,63.1,194.9,4514.0,10380.8,4975.9,0,0,0,0,0,220,0.9090909090909091,0,6,37.431,506.12852031,220,0.6136363636363636,0,6,52.47,450.538904922,316,0.9810126582278481,0,3,34.975,1728.764,316,0.8955696202531646,6,3,41.236,1726.062,220,0.7181818181818181,0,53,37.431,503.5,220,0.4909090909090909,0,53,52.47,485.8,86,0.9418604651162791,0,1,34.6,846.4003083
one a day,off,404,1707,1707,54.3,271.4,24.05,992.0,8103.5,0,64,0,2059,97,1,52.5,131.5,402.2,65.1,59.7,181.4,3016.7,8723.8,3614.7,0,0,0,0,0,248,0.9032258064516129,0,9,36.083,704.337701917,248,0.6895161290322581,8,9,85.462,676.885942225,267,0.9438202247191011,0,12,37.353,1732.223,267,0.8089887640449438,0,12,44.718,1728.403,248,0.7459677419354839,0,53,36.083,708,248,0.5564516129032258,8,53,85.462,642.5,203,0.8817733990147784,0,9,37.444,780.534722319
one a day,decay,101,2306,5301,59.5,274.4,24.03,1853.9,13910.0,11953,75,44,2218,102,0,41.2,75.7,168.8,,55.2,183.7,1028.7,8287.3,4506.7,10,0,1675,0,451,256,0.90625,0,6,36.224,565.270547462,256,0.69921875,4,6,70.663,541.823385224,328,0.948170731707317,0,9,35.957,1727.728,328,0.8628048780487805,0,9,41.864,1725.063,256,0.76171875,0,55,36.224,540.8,256,0.5625,4,55,70.663,525,109,0.9541284403669725,0,1,42.501,529.818925289
one a day,decay,202,1080,4329,58.7,274.6,24.02,1493.5,10240.6,11212,35,36,2215,89,0,37.4,83.1,117.4,,43.0,104.6,1123.0,10640.9,3544.3,14,0,1636,0,504,125,0.936,0,3,32.343,855.513622085,125,0.792,1,3,44.018,702.720908598,318,0.9748427672955975,0,6,31.716,1737.983,318,0.9276729559748428,0,6,33.779,1736.221,125,0.864,0,14,32.343,737.6,125,0.728,1,14,44.018,713.1,55,0.9454545454545454,0,1,28.47,863.617940791
one a day,decay,303,1504,4219,56.8,272.9,24.02,1581.4,10556.6,11504,45,49,2177,96,1,36.4,74.0,98.5,43.0,47.1,130.0,950.3,10196.6,3878.1,14,0,1686,0,409,220,0.9227272727272727,0,6,33.927,504.168585351,220,0.7454545454545455,0,6,49.446,442.662885406,316,0.9810126582278481,0,3,33.413,1729.188,316,0.9018987341772152,6,3,40.745,1726.033,220,0.7,0,53,33.927,546.2,220,0.5727272727272728,0,53,49.446,522.2,86,0.9418604651162791,0,1,32.271,846.4003083
one a day,decay,404,991,3670,47.1,272.4,24.06,1582.7,13897.9,10125,23,53,2059,97,1,45.3,116.4,312.2,65.1,45.2,107.8,1520.1,12007.2,3675.9,13,0,1444,0,531,248,0.8991935483870968,0,9,33.452,736.374028578,248,0.75,7,9,43.772,691.374028578,267,0.9438202247191011,0,12,35.077,1733.917,267,0.8576779026217228,0,12,40.296,1729.704,248,0.7580645161290323,0,53,33.452,708,248,0.625,7,53,43.772,670.5,203,0.8866995073891626,0,9,34.883,875.289152827
one a day,"decay, oracle",101,1080,13063,48.5,271.8,24.04,3369.8,10468.1,24871,22,91,2218,102,0,32.3,48.9,106.6,,1160.2,9516.9,105.3,176.4,5131.7,0,0,2085,0,31,256,0.92578125,0,6,27.918,496.452693951,256,0.875,3,6,36.141,411.160656456,328,0.9542682926829268,0,9,31.408,1735.359,328,0.9451219512195121,0,9,33.572,1728.902,256,0.75390625,0,55,27.918,523.8,256,0.7109375,3,55,36.141,465.2,109,0.9541284403669725,0,1,31.453,409.917711283
one a day,"decay, oracle",202,609,12907,49.0,271.6,24.02,2679.2,7916.8,24637,8,59,2215,89,0,31.7,44.9,57.9,,752.6,6890.4,96.1,149.0,4132.7,0,0,2111,0,15,125,0.92,0,3,30.775,702.720908598,125,0.856,1,3,41.963,632.373803717,318,0.9779874213836478,0,6,32.017,1737.94,318,0.9779874213836478,0,6,36.677,1731.866,125,0.848,0,14,30.775,629,125,0.784,1,14,41.963,573.5,55,0.9454545454545454,0,1,36.108,848.02035926
one a day,"decay, oracle",303,850,11860,44.7,271.5,24.02,3140.9,9992.2,23891,20,94,2177,96,1,32.2,59.5,69.1,43.0,996.5,9130.5,122.5,307.8,4791.8,0,0,2051,0,30,220,0.9181818181818182,0,6,29.481,395.681316606,220,0.8454545454545455,0,6,45.339,310.845751664,316,0.9841772151898734,0,3,31.193,1734.323,316,0.9556962025316456,6,3,35.865,1731.01,220,0.6909090909090909,0,53,29.481,515.9,220,0.6136363636363636,0,53,45.339,355.6,86,0.9534883720930233,0,1,28.946,691.362301892
one a day,"decay, oracle",404,555,9882,41.4,267.4,24.07,2113.3,7880.1,22591,6,52,2059,97,1,33.5,55.4,147.2,50.1,663.4,5928.8,101.7,196.6,3208.5,0,0,1934,0,28,248,0.9274193548387096,0,9,28.615,654.170594842,248,0.8709677419354839,8,9,38.828,530.287726966,267,0.947565543071161,0,12,33.36,1735.812,267,0.947565543071161,0,12,37.709,1731.555,248,0.75,0,53,28.615,661.799999999,248,0.6693548387096774,8,53,38.828,630.4,203,0.9113300492610837,0,9,27.314,764.337701917
